"Status","Title","Reading Idioms","Updated Date","Limerick Category","Category","Tagline","Limerick","Abstract","Symptoms title","Symptoms","Consequences title","Consequences","Recommendations title","Recommendations","Conclusion","CTA title","Downloads","Relevant Blog Posts","Background photo","PhotoBWFaded","icon","White Icon","Counter","Idioms (List)","Publish Date","Unpublish Date","Idioms (Item)","Source URL","Social Media Image","Sort","Attribution","LinkedIn Post Date","Newsletter Date","ID","Created Date","Owner"
"PUBLISHED","Squeaky Wheel","/reading-idiom/squeaky-wheel",2024-12-30T21:30:23Z,"bb62cf54-718a-4ad4-b87a-380fbe22e4a3","STRATEGY","When the loudest voice dictates your product focus","The loudest demands steal the show,
And set where the focus will go,
But the constant appeal,
From that one squeaky wheel,
Leaves real value buried below.","<p class=""font_7"">""The squeaky wheel gets the grease,"" as the saying goes. In product management, the loudest customer often gets more attention and influence over product priorities than they should. While listening to feedback is essential, allowing the most vocal voice to drive decisions can lead to misaligned priorities and a lack of strategic focus.</p>","Symptoms","<p class=""font_7""><strong>Over-prioritization of short-term demands</strong>. When the loudest customer dictates focus, product decisions are often based on immediate concerns rather than the long-term product vision. The result is a reactive approach, where attention shifts rapidly to whoever is making the most noise rather than what will provide the most value.</p>
<p class=""font_7""><br></p>
<p class=""font_7""><strong>Ignoring silent but important needs</strong>. The quiet majority can have critical insights or pain points that go unnoticed if attention is given only to the most vocal. This can lead to neglecting core customer needs or features that don’t get a champion but are vital for product success.</p>
<p class=""font_7""><br></p>
<p class=""font_7""><strong>Constantly changing priorities</strong>. If your team’s priorities frequently shift based on who makes the most noise rather than data and strategy, you may be catering to squeaky wheels.</p>
<p class=""font_7""><br></p>
<p class=""font_7""><strong>One stakeholder dominates all conversations</strong>. When one customer consistently takes up all the space or has more influence over decisions than everyone else combined, it’s a clear indicator that you're dealing with a squeaky wheel.</p>","Consequences","<p class=""font_7""><strong>Resource drain on low-impact initiatives</strong>. The squeaky wheel may not always have the most important or valuable requests, but once their demands become the focus, resources are drained to address them. This can result in wasted effort on low-impact features or quick fixes that don’t move the product forward in a meaningful way.</p>
<p class=""font_7""><br></p>
<p class=""font_7""><strong>Loss of strategic focus and vision drift</strong>. The team’s strategic goals are pushed to the background when the loudest voice gets all the attention. The roadmap can become cluttered with ad hoc features and quick fixes that don’t contribute to a cohesive vision.</p>
<p class=""font_7""><br></p>
<p class=""font_7""><strong>Team misalignment and frustration</strong>. When the team feels like it is always reacting to the latest demand from a vocal person, they may become frustrated by the lack of consistent direction. This can lower morale and lead to confusion about the product's true objectives.</p>
<p class=""font_7""><br></p>
<p class=""font_7""><strong>Neglect of long-term goals</strong>. If you find that your strategic goals are often put on hold in favor of quick wins or last-minute requests from vocal customers, it’s a sign that the loudest voice is dictating your focus.</p>","Recommendations","<p class=""font_7""><strong>Implement a prioritization framework.</strong> Use a structured framework like <a href=""https://www.productgrowthleaders.com/post/prioritization-using-idea""><u>IDEAS</u></a> to evaluate all requests based on their value and strategic alignment. This lets the team prioritize work objectively based on data rather than noise.</p>
<p class=""font_7""><br></p>
<p class=""font_7""><strong>Gather broad feedback and validate needs.</strong> Make a point to gather feedback from a wide range of sources, not just the loudest voices. Validate requests against user data, market research, and long-term goals to ensure alignment with the product’s objectives and broader user needs.</p>
<p class=""font_7""><br></p>
<p class=""font_7""><strong>Set clear product goals and communicate them. </strong>Establish clear product goals and ensure all stakeholders are aligned with them. A well-communicated vision and roadmap is a guidepost to evaluate new ideas and requests, keeping the team on track.</p>
<p class=""font_7""><br></p>
<p class=""font_7""><strong>Create a space for controlled input and feedback. </strong>Establish regular forums or feedback sessions where both customers and internal stakeholders can contribute equally. Encourage quieter voices to share their perspectives and create a balanced environment that prevents any one person from dominating the conversation.</p>","While the squeaky wheel may be hard to ignore, catering to the loudest customer at the expense of strategy can derail your product's progress and goals. By using data-driven prioritization frameworks, gathering diverse feedback, and aligning all voices with the product vision, you can make balanced decisions that drive meaningful impact and long-term success.","Next Steps","[""9cca4a07-f923-430a-8a53-9b15632478b9""]","[""624f5afa83b7000ccb1f6cef""]","wix:image://v1/739bca_00087710dcbd418cb37883fa8ea00fc4~mv2.jpg/winter-tires-2861853_1280.jpg#originWidth=1280&originHeight=853","wix:image://v1/739bca_14976f063d7d4c189e41db14add3672d~mv2.jpg/winter-tires-2861853_1280_edited.jpg#originWidth=1280&originHeight=853","wix:image://v1/739bca_0b0c97c71e974788a58af47636d902d0~mv2.png/squeakyWheel.png#originWidth=5000&originHeight=5000","wix:image://v1/739bca_4a32db6a4a594c19a93becd9da393393~mv2.png/squeakyWheel-white.png#originWidth=5000&originHeight=5000",,"/i/",2024-11-28T00:01:40Z,,"/i/squeaky-wheel","https://pixabay.com/photos/winter-tires-tire-service-automobile-2861853/","wix:image://v1/739bca_c14072ac4474404c9bc916cf7efbc297~mv2.jpeg/Slide18.jpeg#originWidth=2400&originHeight=2400",,,"2025-01-12",,"02d7d4ab-eada-4013-a7dc-6ff133dfc987",2024-11-28T01:49:48Z,"739bcaae-414e-4c86-be8f-075c046fc598"
"PUBLISHED","Lost in Translation","/reading-idiom/lost-in-translation",2024-12-30T21:29:36Z,"f54ba9a1-da41-4a53-97dc-3560092f7160","GROWTH","Speaking the wrong language can alienate your customers","They spoke with great flair and delight,
But the message just wasn’t quite right.
Their words were a mess,
Leaving users to guess;
Now they’re out of mind and out of sight.","<p class=""font_7"">""Lost in Translation"" describes the disconnect when a product’s messaging doesn’t resonate with its audience. This miscommunication results in potential users misunderstanding or overlooking the product's key value, whether due to excessive industry jargon, technical language, or a company-centric perspective. A failure to communicate in a customer-centric manner leads to missed opportunities and a lack of engagement.</p>","Symptoms","<p class=""font_7""><strong>Confused customers</strong>. Customers don’t fully grasp what the product is or how it benefits them. They may disengage or choose a competitor whose value proposition is clearer.</p>
<p class=""font_7""><br></p>
<p class=""font_7""><strong>High bounce rates</strong>. Website analytics show that users quickly leave landing pages or product descriptions, suggesting that the message isn’t resonating.</p>
<p class=""font_7""><br></p>
<p class=""font_7""><strong>Low conversion rates</strong>. Even when users engage with the product, they fail to take the next steps—whether that’s signing up, purchasing, or requesting more information.</p>
<p class=""font_7""><br></p>
<p class=""font_7""><strong>Frequent misunderstandings</strong>. Sales and support teams may report frequent conversations where customers misunderstand the product’s capabilities, leading to frustration or misalignment of expectations.</p>","Consequences","<p class=""font_7""><strong>Lost sales opportunities</strong>. Poor messaging results in missed opportunities for conversion, as customers fail to see the relevance of the product to their needs.</p>
<p class=""font_7""><br></p>
<p class=""font_7""><strong>Brand erosion</strong>. Customers who are consistently confused or misinformed about your product may associate your brand with a lack of clarity or credibility.</p>
<p class=""font_7""><br></p>
<p class=""font_7""><strong>Wasted marketing spend</strong>. Money spent on marketing or advertising is wasted if the core message doesn’t resonate. Without clear messaging, you may drive traffic to your site or product, but those leads won’t convert.</p>","Recommendations","<p class=""font_7""><strong>Adopt customer-centric language</strong>. Craft your messaging from the customer’s perspective, focusing on the value they will gain using their language. Avoid jargon and internal language that may not resonate with your audience.</p>
<p class=""font_7""><br></p>
<p class=""font_7""><strong>Test messaging regularly</strong>. Use market testing to experiment with different messaging approaches. See what resonates with your target audience and refine the language over time based on feedback and data.</p>
<p class=""font_7""><br></p>
<p class=""font_7""><strong>Train your sales and support teams</strong>. Ensure that customer-facing teams are aligned on the core messaging and know how to explain the product’s value in simple, relatable terms. They should act as ambassadors for clear communication.</p>
<p class=""font_7""><br></p>
<p class=""font_7""><strong>Create user-friendly content</strong>. Supplement your product’s messaging with user guides, worksheets, FAQs, and explainer videos that help customers more easily understand the product. These resources can bridge the gap if the value isn’t immediately apparent.</p>","Being ""Lost in Translation"" can cost your product customers, growth, and market share. By focusing on the customer’s perspective, using their language, and emphasizing benefits over features, you can ensure that your messaging resonates and your product stands out. Remember, it’s not about sounding smart—it’s about making sure your message connects with customers and their concerns.","Next Steps",,"[""62fbf7c5727d1d0387a33587""]","wix:image://v1/739bca_7c3adb799a44489bb9e4315943dd6f3a~mv2.jpg/language-2345801_1280_edited.jpg#originWidth=1280&originHeight=960","wix:image://v1/739bca_3651a5c085c74259ab69a61491f80062~mv2.jpg/language-2345801_1280_edited_edited.jpg#originWidth=1280&originHeight=960","wix:image://v1/739bca_21bd7678266b4b0ca7780fb99db54635~mv2.png/noun-translation-6768326-333333.png#originWidth=1200&originHeight=1200","wix:image://v1/739bca_69ecfa83655e4897b9e6e65ef4dd5f98~mv2.png/noun-translation-6768326-FFFFFF.png#originWidth=1200&originHeight=1200",,"/i/",2024-11-28T01:40:45Z,,"/i/lost-in-translation","https://pixabay.com/photos/language-learning-books-education-2345801/","wix:image://v1/739bca_5a43f74c92394ff3986f2b097cb86841~mv2.jpeg/17LostinTranslation.jpeg#originWidth=2400&originHeight=2400",,,"2025-01-05",,"07095436-a329-4f63-bee9-a2915bb365e2",2024-11-28T01:32:14Z,"739bcaae-414e-4c86-be8f-075c046fc598"
"PUBLISHED","The Kitchen Sink","/reading-idiom/the-kitchen-sink",2024-12-30T21:29:36Z,"f54ba9a1-da41-4a53-97dc-3560092f7160","GROWTH","When overloading prospects does more harm than good","They pitched with all tools in the mix,
And threw in some extra quick tricks.
But the flood was too great,
It confused out the gate,
Now the deal's in a terrible fix.","<p class=""font_7"">""The Kitchen Sink"" refers to the overloading of prospects with every possible feature and selling point too early in the sales process. Instead of focusing on the customer’s most pressing issues with relevant insights, the team bombards the prospect with excessive information, hoping something will stick. This approach overwhelms and confuses the customer, often resulting in lost sales or disengagement.</p>","Symptoms","<p class=""font_7""><strong>Unfocused pitch</strong>. The sales team lacks clarity on what’s most important to the customer, so they try to cover everyting in one go. This leads to a scattered and disjointed pitch.</p>
<p class=""font_7""><br></p>
<p class=""font_7""><strong>Overwhelmed prospects</strong>. Customers react with confusion or disinterest when presented with too much information at once. Instead of clarifying the value, the prospect becomes overwhelmed by the sheer volume of details.</p>
<p class=""font_7""><br></p>
<p class=""font_7""><strong>Lengthy sales conversations</strong>. Sales meetings drag on as the team tries to cover every feature and angle, but these extended conversations don’t lead to quicker decisions.</p>
<p class=""font_7""><br></p>
<p class=""font_7""><strong>High drop-off rates</strong>. Prospective customers disengage after being hit with too much irrelevant information.</p>","Consequences","<p class=""font_7""><strong>Lost sales opportunities</strong>. Prospects who feel overwhelmed or confused by the deluge of information are less likely to make a purchasing decision. The flood of details can cause them to disengage entirely.</p>
<p class=""font_7""><br></p>
<p class=""font_7""><strong>Extended sales Cyclesception</strong>. When too many features are presented without context, prospects may focus on the wrong aspects of the product, missing its true value.</p>
<p class=""font_7""><br></p>
<p class=""font_7""><strong>Extended Sales cycles</strong>. Overcomplicating the sales process by throwing everything into the pitch often delays decisions, as prospects take longer to sort through the excess information.</p>
<p class=""font_7""><br></p>
<p class=""font_7""><strong>Inefficient use of sales resources</strong>. Instead of focusing on what matters most, sales teams waste time trying to pitch everything at once, reducing their effectiveness and efficiency.</p>","Recommendations","<p class=""font_7""><strong>Lead with problems, not features</strong>. Focus on the key pain points of the customer and highlight how your product solves those problems. Tailor the pitch to the customer’s specific needs rather than delivering a one-size-fits-all approach.</p>
<p class=""font_7""><br></p>
<p class=""font_7""><strong>Prioritize key features</strong>. Identify the most important features or benefits for the ideal customer and center your pitch around those. Avoid the temptation to overload them with every feature, especially if it’s irrelevant to their needs.</p>
<p class=""font_7""><br></p>
<p class=""font_7""><strong>Use targeted demos</strong>. When giving product demos, focus on scenarios that are directly relevant to the customer. Highlight how the product will help solve their specific challenges rather than trying to show every feature. Not what the product can do, but what the product can do to solve their problems.&nbsp;</p>
<p class=""font_7""><br></p>
<p class=""font_7""><strong>Encourage interaction</strong>. Engage prospects in the conversation by asking questions and adjusting your pitch based on their responses. This makes the conversation feel more collaborative and ensures you’re focusing on what matters to them.</p>","Throwing everything and the kitchen sink at prospects may seem like a way to cover all bases, but it usually results in a muddled and overwhelming pitch. By understanding the prospect’s needs, using sales tools strategically, and building a clear narrative, sales reps can have more focused and effective conversations that lead to stronger relationships and higher conversions. Remember, it’s about quality, not quantity.","Next Steps",,"[""621225bd51a36e2086c8aa01""]","wix:image://v1/739bca_784d1e3dc6d847e3b73af2442b1c9768~mv2.jpg/iStock-877095180.jpg#originWidth=5600&originHeight=3737","wix:image://v1/739bca_e86bd356629547c8bffb6527068b4b17~mv2.jpg/iStock-877095180_edited.jpg#originWidth=3000&originHeight=2002","wix:image://v1/739bca_379d1be1a4d642a4899e36136366c18b~mv2.png/kitchenSink.png#originWidth=5000&originHeight=5000","wix:image://v1/739bca_37e8067b63f1435dbc7204275eee8207~mv2.png/kitchenSink-white.png#originWidth=5000&originHeight=5000",,"/i/",2024-11-28T01:40:31Z,,"/i/the-kitchen-sink","https://www.istockphoto.com/photo/dirty-dishes-in-the-sink-gm877095180-244776205","wix:image://v1/739bca_37bdffef96544221a040bebb3073a327~mv2.jpeg/10Sink.jpeg#originWidth=2400&originHeight=2400",,,"2024-12-18",,"3cfaa492-e052-4c79-b14e-31d9a55a0e76",2024-11-27T19:32:54Z,"739bcaae-414e-4c86-be8f-075c046fc598"
"PUBLISHED","Who's on First","/reading-idiom/whos-on-first",2026-09-14T15:57:33Z,"7bf65485-7562-4631-91a0-37bbfe57afa1","TEAMS","How role confusion hinders product management teams","They asked, ""Who’s in charge of this task?""
But no one was sure who to ask.
Confusion abounds,
As roles run around,
And progress was left in the past.","<p class=""font_7"">""Who’s On First"" refers to the classic comedy routine by American comedy duo Abbott and Costello. In this context, it highlights the confusion a product team's roles and responsibilities aren’t clearly defined. When team members don’t know who owns which tasks or decisions, it leads to delays, breakdowns in communication, and missed deadlines. Clear accountability is essential for ensuring that projects move forward efficiently and everyone knows their role.</p>","Symptoms","<p class=""font_7""><strong>Unclear ownership</strong>. Team members are unsure who is responsible for specific tasks or decisions. This leads to tasks being either duplicated or not completed.</p>
<p class=""font_7""><br></p>
<p class=""font_7""><strong>Frequent miscommunication</strong>. Without clearly defined roles, communication becomes chaotic, with team members giving conflicting instructions or working on low-priority tasks.</p>
<p class=""font_7""><br></p>
<p class=""font_7""><strong>Missed deadlines</strong>. Projects are delayed because no one is sure who is supposed to make key decisions or take the next step.</p>
<p class=""font_7""><br></p>
<p class=""font_7""><strong>Escalation of minor issues</strong>. Problems that a clear owner could easily solve escalate up the chain because no one knows who has the authority to resolve them.</p>","Consequences","<p class=""font_7""><strong>Inefficiencies and delays</strong>. Lack of clarity leads to wasted time and resources as team members try to figure out who is responsible for what. This slows down product development and derails timelines.</p>
<p class=""font_7""><br></p>
<p class=""font_7""><strong>Confusion in decision-making</strong>. Without clear ownership, critical decisions are often delayed or made by the wrong people, leading to suboptimal outcomes.</p>
<p class=""font_7""><br></p>
<p class=""font_7""><strong>Increased conflict</strong>. Ambiguity around roles often results in misunderstandings and conflict between team members, as no one is clear on who is accountable for which tasks.</p>
<p class=""font_7""><br></p>
<p class=""font_7""><strong>Frustrated teams</strong>. Team members become frustrated when they cannot move forward due to unclear directions, leading to low morale and disengagement.</p>","Recommendations","<p class=""font_7""><strong>Define clear roles and responsibilities</strong>. Ensure that every task, decision, and deliverable has a clear owner. Use RACI charts (Responsible, Accountable, Consulted, Informed) to assign responsibilities and make accountability visible to the entire team.</p>
<p class=""font_7""><br></p>
<p class=""font_7""><strong>Establish decision-making protocols</strong>. Create clear guidelines for how decisions are made within the team. Ensure everyone on the team knows who has the final say in key decisions and empower the right people to make those calls.</p>
<p class=""font_7""><br></p>
<p class=""font_7""><strong>Improve communication channels</strong>. Implement regular check-ins, status updates, and clear lines of communication so that everyone is aligned.</p>
<p class=""font_7""><br></p>
<p class=""font_7""><strong>Hold people accountable</strong>. Create a culture of accountability where team members take ownership of their responsibilities to the product and the team.</p>","In a product team, knowing who does what is essential to success. Role confusion leads to inefficiencies, frustration, and strategic misalignment. By clearly defining roles, setting up decision-making frameworks, and fostering open communication, product teams can work more efficiently, reduce bottlenecks, and ensure everyone knows exactly what to do—and who to go to—when the time comes to get things done.","Next Steps","[""262100e4-d92b-4181-a2a9-ae55320c2ab8"",""95554e06-1e6d-49f6-86cc-1e943ee28696""]","[""66e1f4f595e2b8f93ccad5e6"",""6172f22b09449a0016613c3e""]","wix:image://v1/739bca_049f1451cdd94678adc164f45f29cae2~mv2.png/who's%20on%20first.png#originWidth=3079&originHeight=2043","wix:image://v1/739bca_9e5b9f2f7b6e41ab9221b51c0fe0c763~mv2.jpg/who's%20on%20first-faded.jpg#originWidth=3000&originHeight=1991","wix:image://v1/739bca_384b7b19ac0a448f8f6d5a616c574ac9~mv2.png/who's%20on%20first.png#originWidth=5000&originHeight=5000","wix:image://v1/739bca_19f277c7010c4f94a88201531f65c12b~mv2.png/who's%20on%20first-white.png#originWidth=5000&originHeight=5000",,"/i/",2024-11-29T03:44:54Z,,"/i/who's-on-first","https://www.youtube.com/watch?v=sYOUFGfK4bU","wix:image://v1/739bca_1c96c868dd2344eab431e7afe84c459a~mv2.jpg/whosOnFirst.jpg#originWidth=2400&originHeight=2400",,"Universal Pictures | “The Naughtie Nineties” | Who’s on First? Abbot and Costello ",,,"3d24900b-f587-4dcc-8666-900245da7606",2024-11-29T03:55:30Z,"739bcaae-414e-4c86-be8f-075c046fc598"
"PUBLISHED","The Emperor's New Clothes","/reading-idiom/the-emperors-new-clothes",2024-12-30T21:30:23Z,"bb62cf54-718a-4ad4-b87a-380fbe22e4a3","STRATEGY","When a leader’s opinions drive decisions while ignoring the data","When leaders suggest, all agree,
""No flaws in your vision, we see!""
But blind to what's real,
The product can't heal;
It's dressed up with no clarity.","<p class=""font_7"">""The Emperor’s New Clothes"" tells the story of a leader surrounded by people who are too afraid to speak the truth. In product management, this happens when employees simply agree with everything a key stakeholder suggests, leading to poorly informed decisions and a product that doesn’t align with the market or user needs.</p>","Symptoms","<p class=""font_7""><strong>Regularly changing direction. </strong>If the product roadmap frequently changes based on leadership’s newest idea without analysis or discussion, the team may focus on appeasing leadership rather than building a great product.</p>
<p class=""font_7""><br></p>
<p class=""font_7""><strong>“Yes” culture in meetings. </strong>Watch for whether all suggestions from leadership are met with nodding and agreement. A balanced culture should include constructive challenges and open discussion.</p>
<p class=""font_7""><br></p>
<p class=""font_7""><strong>Lack of pushback.</strong> If team members rarely or never question ideas from leadership, this is a strong indication that they feel it’s not “safe” to do so.</p>
<p class=""font_7""><br></p>
<p class=""font_7""><strong>Poor decision-making due to lack of dissent. </strong>Healthy debate and critique are crucial for developing a robust product strategy. When employees are ""yes-people,"" decisions go unchallenged, even if poorly aligned with the product strategy or market needs.</p>
<p class=""font_7""><br></p>
<p class=""font_7""><strong>“Just tell me what you want.” </strong>When product-level decisions are continually overridden, the product team may simply surrender, building features on demand rather than what will delight customers.</p>","Consequences","<p class=""font_7""><strong>The CEO bias trap</strong>. CEOs and senior stakeholders have a unique perspective but may lack the day-to-day insights found on the product teams. Over-reliance on their ideas and opinions can lead to a skewed product vision that's not customer-centered or market-driven.</p>
<p class=""font_7""><br></p>
<p class=""font_7""><strong>Blind obedience stifles creativity</strong>. When team members are afraid to challenge leadership's ideas, creativity and alternative perspectives are stifled, preventing the best solutions from being brought to the table.</p>
<p class=""font_7""><br></p>
<p class=""font_7""><strong>Feature overload and unrealistic goals</strong>. Ideas from leadership often come without consideration for feasibility or impact, leading to a backlog filled with features that don't align with customer needs or realistic timelines.</p>
<p class=""font_7""><br></p>
<p class=""font_7""><strong>Team disengagement and low morale. </strong>Nobody wants to work in a feature factory. Team members who feel their opinions don’t matter frequently disengage or simply quit, resulting in lost productivity and experience. When an employee leaves, especially someone with valuable experience or specialized knowledge, the organization loses institutional memory, affecting continuity and efficiency.</p>","Recommendations","<p class=""font_7""><strong>Cultivate a culture of healthy debate</strong>. Encourage team members to openly share their views and give constructive feedback on ideas from any source, including the CEO.</p>
<p class=""font_7""><br></p>
<p class=""font_7""><strong>Use data as a neutral arbiter</strong>. Base product decisions on user research, metrics, and market analysis rather than opinions. Presenting alternatives or critiques is easier when the data speaks rather than feeling like a personal challenge.</p>
<p class=""font_7""><br></p>
<p class=""font_7""><strong>Encourage empathy and understanding of constraints</strong>. Ensure leadership understands the reality of the development process and customer needs. Help them see the complete picture so their ideas can be evaluated against real-world constraints.</p>
<p class=""font_7""><br></p>
<p class=""font_7""><strong>Create space for anonymous feedback</strong>. To help foster a more open environment, provide ways for team members to offer feedback anonymously, especially when it comes to evaluating ideas from leadership.</p>","While leadership ideas can be innovative and important, a ""yes"" culture can harm the product and company in the long run. A strong product strategy requires a balance of listening, challenging, and aligning with market data. Only by avoiding the ""Emperor's New Clothes"" trap can teams build products that are truly fit for their audience and goals.","Next Steps",,,"wix:image://v1/739bca_f206047785ef470b9ce4287e0b534f7b~mv2.jpg/iStock-1169942087.jpg#originWidth=5327&originHeight=3754","wix:image://v1/739bca_55650b57073e414495aa609189289a7e~mv2.jpg/iStock-1169942087_edited.jpg#originWidth=3000&originHeight=2114","wix:image://v1/739bca_1c3d3ca8667d4770b6995c9a6ba42b9b~mv2.png/no-clothes.png#originWidth=3600&originHeight=3600","wix:image://v1/739bca_7896112e65b8483c878b63019aaa54da~mv2.png/no-clothes-white.png#originWidth=3600&originHeight=3600",,"/i/",2024-11-28T01:40:28Z,,"/i/the-emperor's-new-clothes","https://www.istockphoto.com/photo/victorian-underwear-hanging-on-the-washing-line-gm1169942087-323594066","wix:image://v1/739bca_a839caf769d24405bd119f2e96e49a85~mv2.jpeg/Slide8.jpeg#originWidth=2400&originHeight=2400",,,"2024-12-07",,"4de19d88-5de6-4687-967b-f3e3f09807fb",2024-10-08T01:45:23Z,"739bcaae-414e-4c86-be8f-075c046fc598"
"PUBLISHED","Boiling the Ocean","/reading-idiom/boiling-the-ocean",2024-12-30T21:30:23Z,"bb62cf54-718a-4ad4-b87a-380fbe22e4a3","STRATEGY","How lack of focus can sink your product","When trying to please every notion,
The product is lost in commotion,
With goals spread too wide,
And no focus to guide,
You’re left boiling the whole darn ocean.","<p class=""font_7"">""Boiling the ocean"" is a ridiculous, impossible concept. It perfectly encapsulates the chaos and inefficiency of trying to solve every problem or serve every customer at once. It's a common trap for product teams eager to please everyone but ultimately leads to lost direction and weak product outcomes.</p>","Symptoms","<p class=""font_7""><strong>Wide and undefined target audience.</strong>&nbsp;If your product is ""for everyone,"" it’s a sign that you're not focusing on a core segment.</p>
<p class=""font_7""><br></p>
<p class=""font_7""><strong>“Thrashing.”</strong>&nbsp;Your team often changes direction based on the ""next big thing"" before finishing what you’ve started.</p>
<p class=""font_7""><br></p>
<p class=""font_7""><strong>Too many projects and initiatives.</strong>&nbsp;With so much to do, teams struggle to align on what matters most to finish&nbsp;<em>something</em>.</p>
<p class=""font_7""><br></p>
<p class=""font_7""><strong>Unstable roadmap.</strong>&nbsp;Constant pivoting between different priorities leads to an unstable roadmap, making it impossible to communicate a clear vision—both internally and externally.</p>
<p class=""font_7""><br></p>
<p class=""font_7""><strong>An unfocused backlog.</strong>&nbsp;A backlog overflowing with disparate features, often with no clear prioritization criteria, is a telltale sign.</p>","Consequences","<p class=""font_7""><strong>Lack of trust among teams and stakeholders.&nbsp;</strong>Without focus, teams rely on individual heroics to get anything done, often cherry-picking the coolest ideas rather than the highest priorities.</p>
<p class=""font_7""><br></p>
<p class=""font_7""><strong>Scattered resources</strong>. When your team tries to address too many features or customer segments at once, resources are spread thin, leading to mediocre solutions that don’t fully address any single need.</p>
<p class=""font_7""><br></p>
<p class=""font_7""><strong>Delayed time-to-market</strong>. Attempting to do too much inevitably results in delays as teams try to finish everything, leading to an endless cycle of “almost ready” with nothing delivered.</p>
<p class=""font_7""><br></p>
<p class=""font_7""><strong>Diluted customer impact</strong>. Instead of solving a few core problems exceptionally well, the product becomes a mashup of disconnected features, few of which deliver the full value intended.</p>
<p class=""font_7""><br></p>
<p class=""font_7""><strong>Loss of product identity</strong>. Without a clear focus, your product lacks unique value, making it hard for customers to understand why they should choose you over alternatives.</p>","Recommendations","<p class=""font_7""><strong>ASPIRE to your capabilities.&nbsp;</strong>Use the <a href=""https://www.productgrowthleaders.com/post/aspire-to-your-capabilities""><u>ASPIRE</u></a> method to assess and articulate your organizational capabilities and apply them to opportunities to determine what you SHOULD do, not just what you COULD do.</p>
<p class=""font_7""><br></p>
<p class=""font_7""><strong>Find your niche and prioritize ruthlessly</strong>. Identify the core personas and problems your product is designed to solve. Prioritize features and enhancements that directly solve the most pressing customer issues.</p>
<p class=""font_7""><br></p>
<p class=""font_7""><strong>Communicate the vision.</strong>&nbsp;A well-defined vision helps align all teams and stakeholders on what’s important. Ensure this vision is consistently communicated and serves as the north star for product decisions.</p>
<p class=""font_7""><br></p>
<p class=""font_7""><strong>Establish clear metrics.</strong>&nbsp;Focus on key performance indicators (KPIs) that reflect the desired outcome. This will help the team know where to focus their efforts and define what success looks like.</p>","Staying focused on a specific market is about leveraging your unique capabilities, prioritizing the right opportunities, and maintaining clear communication. By using the ASPIRE method to align your strengths with market needs, ruthlessly prioritizing features that solve core problems, and consistently communicating a unified vision, you ensure your team remains focused on delivering real value. ","Next Steps","[""59a35894-7ee7-469c-9958-fffd3651292d""]","[""624f5afa83b7000ccb1f6cf1"",""62c71c816cb15621211bee23""]","wix:image://v1/739bca_26e322f12e2e4eccadfac1681ddfc64e~mv2.jpg/ocean-1867285_1280.jpg#originWidth=1280&originHeight=853","wix:image://v1/739bca_8ba236fb7f344a7bb34bb5cff5e2ee6f~mv2.jpg/boilOcean-BW-faded.jpg#originWidth=1280&originHeight=853","wix:image://v1/739bca_c202791ad60d41999063e0b5f890e5cb~mv2.png/boilOcean.png#originWidth=5000&originHeight=5000","wix:image://v1/739bca_42bfb2eb3d4d49ae8293f43bfb258fed~mv2.png/boilOcean-white.png#originWidth=5000&originHeight=5000",,"/i/",2024-10-17T18:32:48Z,,"/i/boiling-the-ocean","https://pixabay.com/photos/ocean-sea-waves-dawn-dusk-1867285/","wix:image://v1/739bca_bc9379f03286425487a4d2cb932a5ec2~mv2.jpeg/boil%20ocean.jpeg#originWidth=2400&originHeight=2400",,,"2024-11-06",,"52ee24d6-f87d-4d9c-9c72-b9702331361e",2024-10-07T23:59:58Z,"739bcaae-414e-4c86-be8f-075c046fc598"
"PUBLISHED","Choose Your Own Adventure","/reading-idiom/choose-your-own-adventure",2026-09-14T16:07:06Z,"7bf65485-7562-4631-91a0-37bbfe57afa1","TEAMS","Inconsistent processes can derail product teams","Each one wrote their process with flair,
But confusion was left in the air.
With paths all askew,
No one really knew,
How to get from here to there.","<p class=""font_7"">In the <em>Choose Your Own Adventure</em> books, each person takes a different path and gets a different result. In product management, this approach results in chaos. Without a consistent, standardized approach to managing and marketing products, each person may take a different route, leading to inefficiencies, confusion, and misalignment. The absence of a standard process cripples a team’s ability to deliver products effectively and on time.</p>","Symptoms","<p class=""font_7""><strong>Inconsistent processes. </strong>Different team members or departments using their own approaches leads to confusion about the correct way to move forward.</p>
<p class=""font_7""><br></p>
<p class=""font_7""><strong>Confusion over next steps. </strong>Without a clear process roadmap, team members are unsure of what comes next or how to proceed through the product development lifecycle.</p>
<p class=""font_7""><br></p>
<p class=""font_7""><strong>Misaligned teams. </strong>Without a shared process, teams struggle to stay aligned on goals and progress. This results in miscommunication and duplicated efforts.</p>
<p class=""font_7""><br></p>
<p class=""font_7""><strong>Executive frustration. </strong>Why do all deliverables differ from one another? Leaders and stakeholders become frustrated and confused when each product manager employs different templates, formats, and methods—and waste time trying to understand the presentation of information instead of concentrating on making business decisions.</p>","Consequences","<p class=""font_7""><strong>Inefficiencies and delays. </strong>A lack of standardized processes leads to inefficiencies, with teams spending time trying to figure out the right approach rather than focusing on delivering value. This results in delays and a slower time to market.</p>
<p class=""font_7""><br></p>
<p class=""font_7""><strong>Increased Errors</strong>. Inconsistent processes lead to more mistakes, as there is no agreed-upon method to ensure quality or track progress. This increases the likelihood of features being developed incorrectly or products failing to meet user needs.</p>
<p class=""font_7""><br></p>
<p class=""font_7""><strong>Lower team cohesion</strong>. When each team member follows their own process, it becomes harder to coordinate and collaborate. This can lead to frustration, miscommunication, and a breakdown in teamwork.</p>
<p class=""font_7""><br></p>
<p class=""font_7""><strong>Unclear accountability</strong>. Without a consistent process, holding team members accountable for their work becomes difficult, as there is no agreed-upon standard to measure success.</p>","Recommendations","<p class=""font_7""><strong>Implement a standardized process</strong>. Establish a consistent, repeatable process that the entire team can follow. This should outline each stage of product development, from ideation to launch, and provide clear guidance on roles, responsibilities, and workflows.</p>
<p class=""font_7""><br></p>
<p class=""font_7""><strong>Ensure team alignment</strong>. Regularly communicate the process and ensure that all team members are aligned and following the same steps. This reduces confusion and ensures that everyone is on the same page.</p>
<p class=""font_7""><br></p>
<p class=""font_7""><strong>Document and train</strong>. Provide documentation and training to help team members understand the process and how to apply it in their day-to-day work. Make sure everyone knows the tools, steps, and best practices to follow.</p>
<p class=""font_7""><br></p>
<p class=""font_7""><strong>Iterate and improve</strong>. A standardized process should not be static. Continuously gather feedback from the team and improve the process to make it more efficient and effective as you learn what works best.</p>","While ""choose your own adventure"" books are fun for creativity, they don’t work well for product teams trying to deliver consistent, high-quality work. A lack of standardized processes leads to inefficiencies, misalignment, and missed opportunities. Product teams can balance structure with flexibility and improve both efficiency and impact by creating clear frameworks, using tools to standardize workflows, and refining processes regularly.","Next Steps","[""ba213702-9b80-4490-90bb-f10111f759b8"",""ccdde438-9e13-44bd-8648-758d990f36c8""]",,"wix:image://v1/739bca_d20ebbebb9e34db98c0c61656ae57b4a~mv2.jpg/adventure-1839147_1280.jpg#originWidth=1280&originHeight=853","wix:image://v1/739bca_6e73e437779240faa21516400d791381~mv2.jpg/adventure-1839147_1280_edited.jpg#originWidth=1280&originHeight=853","wix:image://v1/739bca_13e84218b59b4e2db7da7252c4d93864~mv2.png/noun-adventure-6823802-333333.png#originWidth=1200&originHeight=1200","wix:image://v1/739bca_3291b96573f34270a53ccf2803f56e2e~mv2.png/noun-adventure-6823802-FFFFFF.png#originWidth=1200&originHeight=1200",,"/i/",2024-11-28T00:01:40Z,,"/i/write-your-own-adventure","https://pixabay.com/photos/adventure-clouds-exploration-group-1839147/","wix:image://v1/739bca_64de4ed59bc24c5bbf5325a75a9b9fff~mv2.jpeg/23Adventure.jpeg#originWidth=2400&originHeight=2400",,,"2025-01-26",,"595f89a2-61b1-4182-971f-33b47205ae85",2024-11-28T02:07:58Z,"739bcaae-414e-4c86-be8f-075c046fc598"
"PUBLISHED","Swiss Army Knife","/reading-idiom/swiss-army-knife",2024-12-30T21:30:10Z,"3aaafc1d-f3b3-40f9-8aab-f981cdbf0302","PLANNING","How adding too many features can dull your product’s edge","They added each feature with glee,
To serve every user they'd see,
But try as they might,
No one thing was right,
And the product lacked clarity.","<p class=""font_7"">Much like a Swiss Army knife, a product with endless features aims to be a versatile tool for every situation. But in reality, a Swiss Army knife may have a lot of tools but none as effective as a dedicated tool. A product that tries to be all things to all people ends up lacking depth and excellence in any one area. The result is a confusing experience that can leave users underwhelmed and unsure of the product's true value.</p>","Symptoms","<p class=""font_7""><strong>Compromised usability and user experience. </strong>When a product has too many features, it becomes cluttered and complex. The user interface may be difficult to navigate, and users may struggle to understand which features are truly valuable.</p>
<p class=""font_7""><br></p>
<p class=""font_7""><strong>Lack of focus and depth. </strong>A product with a lot of features spread across many different functions usually doesn’t excel at any. The result is a product lacking depth in any one area failing to stand out against competitors that specialize.</p>
<p class=""font_7""><br></p>
<p class=""font_7""><strong>Low usage across multiple features. </strong>If usage analytics show that most features are rarely or inconsistently used, it indicates that users are not finding value in the full scope of your product.</p>
<p class=""font_7""><br></p>
<p class=""font_7""><strong>Difficulty explaining what your product does. </strong>Does it take a long time to explain what your product does? Perhaps it is because you’re listing all the features instead of focusing on the product’s foremost value. That’s a sign that your message is too broad and unclear. Potential customers (and sales teams) may be confused about the product's value, making it harder to market and sell effectively.</p>","Consequences","<p class=""font_7""><strong>Feature fatigue and confused users</strong>. Users may feel overwhelmed by the number of options available to them and struggle to understand how to use the product effectively. When the core value is lost in a sea of features, customers may abandon the product in favor of simpler, more focused alternatives.</p>
<p class=""font_7""><br></p>
<p class=""font_7""><strong>Missed opportunities for specialization and excellence</strong>. By trying to cover every possible use case, the product fails to specialize in any one area. This prevents the team from going deep on features that could differentiate the product and provide significant value to a targeted user base.</p>
<p class=""font_7""><br></p>
<p class=""font_7""><strong>Increased development costs and slower time-to-market</strong>. Building and maintaining a product with an ever-growing list of features is expensive and time-consuming. It increases the complexity of development, testing, and support, which slows down your ability to bring new updates and improvements to market.</p>","Recommendations","<p class=""font_7""><strong>Prioritize core use cases and narrow your scope</strong>. Identify the core problem your product solves and the primary market segments it serves. Focus on essential customer scenarios, and don’t be afraid to say “no” to features that fall outside of this scope.</p>
<p class=""font_7""><br></p>
<p class=""font_7""><strong>Make features deep, not wide</strong>. Instead of adding more features, deepen the value of your existing ones. Improve the usability, functionality, and performance of your core features to create a best-in-class experience that delights users.</p>
<p class=""font_7""><br></p>
<p class=""font_7""><strong>Develop a clear value proposition and messaging</strong>. Craft messaging that focuses on the primary value your product delivers and communicates how it solves a specific problem. Ensure that all features support this core value proposition, making it easier for users to understand and appreciate your product.</p>
<p class=""font_7""><br></p>
<p class=""font_7""><strong>Validate feature requests based on impact and strategy</strong>. Evaluate feature requests based on their potential impact, alignment with your product’s vision, and strategic goals. Prioritize features that will deliver meaningful value to your core audience, rather than trying to cater to every possible use case.</p>","A Swiss Army knife might be versatile, but it’s not the best tool for any single job. Similarly, a product overloaded with features in an attempt to be all things to all people will struggle to stand out and deliver value effectively. By focusing on compelling problems, core use scenarios, deepening your best features, and communicating a clear value proposition, you can build a product that’s sharp, compelling, and successful.","Next Steps",,"[""639c87a82aec68a806a31d6d""]","wix:image://v1/739bca_188cba77ad564d52ad1d0610957bd959~mv2.jpg/giant-swiss-army-knife-thumb-960xauto-9284-2.jpg#originWidth=960&originHeight=678","wix:image://v1/739bca_4e3f45c2c12243b4957d5629b1109099~mv2.jpg/giant-swiss-army-knife-thumb-960xauto-9284-2_edited.jpg#originWidth=960&originHeight=678","wix:image://v1/739bca_f031fa45b7a44de7930b5980f855befa~mv2.png/noun-multi-tool-1641155-333333.png#originWidth=1200&originHeight=1200","wix:image://v1/739bca_edef0968429642bca04f08f18ae47dcd~mv2.png/noun-multi-tool-1641155-FFFFFF.png#originWidth=1200&originHeight=1200",,"/i/",2024-11-28T01:40:42Z,,"/i/swiss-army-knife","https://uncrate.com/giant-swiss-army-knife/","wix:image://v1/739bca_328a6d17bb61439596e860bdc7fd5f55~mv2.jpeg/16Planning.jpeg#originWidth=2400&originHeight=2400",,,"2025-01-02",,"5a214024-48c1-432c-aa42-b9b6e46e0d1a",2024-11-28T01:25:40Z,"739bcaae-414e-4c86-be8f-075c046fc598"
"PUBLISHED","Tail Wagging the Dog","/reading-idiom/tail-wagging-the-dog",2024-12-30T21:30:23Z,"bb62cf54-718a-4ad4-b87a-380fbe22e4a3","STRATEGY","When other voices derail your product","When one voice pulls strings out of sight,
It steers the whole team left and right,
Though goals go astray,
That influence sways,
And the product veers far from the light.","<p class=""font_7"">The expression ""tail wagging the dog"" concerns influence disproportionately controlled by less important entities. Who is the dog and who is the tail? The dog is the product and its strategy, typically guided by a product manager. The tail is an outspoken salesperson or executive driving the product in a new direction.</p>","Symptoms","<p class=""font_7""><strong>Disproportionate stakeholder influence. </strong>In many organizations, certain stakeholders—such as executives with a strong opinion or salespeople with a high-revenue opportunity—can push for features that don’t align with the broader product vision. This results in the strategy being reactive instead of proactive.</p>
<p class=""font_7""><br></p>
<p class=""font_7""><strong>Confusion over who drives the product vision. </strong>When the ""tail wags the dog,"" product decisions are made to appease individuals or groups who are not the target customer, impacting the product's success.</p>
<p class=""font_7""><br></p>
<p class=""font_7""><strong>Frequent ""emergency"" pivots. </strong>When the product team constantly drops what it’s working on to address a single stakeholder’s demand, this is a sign that the tail is driving decisions.</p>
<p class=""font_7""><br></p>
<p class=""font_7""><strong>Lack of data-driven decisions. </strong>Decisions are made based on what other voices want rather than what the data shows is best for the business and customers.</p>","Consequences","<p class=""font_7""><strong>Feature creep and lack of focus</strong>. When the product strategy is constantly altered to satisfy specific interests, the roadmap becomes cluttered with disconnected features that dilute the product's core value proposition.</p>
<p class=""font_7""><br></p>
<p class=""font_7""><strong>Diminished team morale and confidence</strong>. Product teams lose confidence in the strategic vision when they constantly pivot to follow the latest opinion, rather than delivering on a cohesive, well-thought-out plan.</p>
<p class=""font_7""><br></p>
<p class=""font_7""><strong>Unpredictable roadmap and delivery</strong>. Priorities constantly shift based on who has the most influence at any given moment, causing delays, scope changes, and a lack of trust in timelines and deliverables.</p>
<p class=""font_7""><br></p>
<p class=""font_7""><strong>Unclear product strategy</strong>. If the product strategy and roadmap change based on individual opinions rather than data, core principles, or customer research, influence overtakes objective decision-making.</p>","Recommendations","<p class=""font_7""><strong>Set clear objectives and guardrails.</strong> Establish clear product goals and boundaries for decision-making. This helps the team and stakeholders understand what aligns with the product's strategy and what doesn't.</p>
<p class=""font_7""><br></p>
<p class=""font_7""><strong>Communicate and educate stakeholders. </strong>Engage stakeholders early to share the product vision and explain how decisions align with overarching goals. Encourage their input but help them understand that not all suggestions will make it onto the roadmap.</p>
<p class=""font_7""><br></p>
<p class=""font_7""><strong>Introduce a prioritization framework. </strong>Implement <a href=""https://www.productgrowthleaders.com/post/prioritization-using-idea""><u>IDEAS</u></a>, a prioritization framework that objectively evaluates initiatives and feature requests based on impact, cost, and strategic fit. This way, decisions are rooted in data and strategy rather than influence.</p>
<p class=""font_7""><br></p>
<p class=""font_7""><strong>Empower product teams. </strong>The product team needs the authority to make decisions based on the established strategy and trust them to say ""no"" when necessary to keep the product on course. Product managers must learn how to say no without getting fired. Clarify the impact of the decision using a before-and-after roadmap showing what has slipped.</p>","The product vision must drive decisions, not the most vocal demands. Keeping the ""tail"" from wagging the ""dog"" helps create a more cohesive product and allows teams to focus on delivering real value. Empowering product managers to make tough calls—backed by clear priorities and business rationale—keeps the product focused and avoids derailment by external pressures.","Next Steps","[""262100e4-d92b-4181-a2a9-ae55320c2ab8""]",,"wix:image://v1/739bca_6478ac17385048509a1aab045e1d92c2~mv2.jpg/iStock-685821494.jpg#originWidth=5184&originHeight=3456","wix:image://v1/739bca_79769a02310f4028b65ff8ab32efa85f~mv2.jpg/iStock-685821494_edited.jpg#originWidth=3000&originHeight=2000","wix:image://v1/739bca_5050ee5b919d4882861980ffdfbf6882~mv2.png/tailWagDog.png#originWidth=5000&originHeight=5000","wix:image://v1/739bca_b190073a7e4246faaf4fc30930a92a26~mv2.png/tailWagDog-white.png#originWidth=5000&originHeight=5000",,"/i/",2024-10-24T02:47:45Z,,"/i/tail-wagging-the-dog","https://www.istockphoto.com/photo/tail-gm685821494-125909961?clarity=true","wix:image://v1/739bca_05d839dee80e44d9a1589a54c7e5d1fa~mv2.jpg/wag%20the%20dog.jpg#originWidth=2400&originHeight=2400",,,"2024-11-20",,"6586abf3-bbbf-4d7d-81f0-c32eb47a4734",2024-10-08T01:45:23Z,"739bcaae-414e-4c86-be8f-075c046fc598"
"PUBLISHED","Land of the Lost","/reading-idiom/land-of-the-lost",2024-12-30T21:30:10Z,"3aaafc1d-f3b3-40f9-8aab-f981cdbf0302","PLANNING","How losing market engagement can leave your product directionless","When teams lose the market’s clear view,
They’re unsure what next they should do.
With no feedback in sight,
They’re lost in the night,
And the product's not serving what's true.","<p class=""font_7"">Just like explorers in unfamiliar territory, product teams can find themselves in the ""Land of the Lost""—a place where, due to a lack of market engagement, they lose sight of what customers need and what the market demands. Without a clear direction, the product struggles to evolve, and the team has no compass to guide the way forward.</p>","Symptoms","<p class=""font_7""><strong>Unclear product strategy and vision. </strong>When there’s no clear vision guiding product decisions, and the team struggles to define the next big bet, it’s a strong indicator that they’ve lost their market compass.</p>
<p class=""font_7""><br></p>
<p class=""font_7""><strong>Decisions based on assumptions</strong>. When a company stops engaging with the market, product decisions are often made based on old assumptions or internal biases rather than real-time insights. This results in features that no longer resonate with users. The roadmap becomes scattered, and the product vision becomes blurred, with no clear direction guiding the way forward.</p>
<p class=""font_7""><br></p>
<p class=""font_7""><strong>Infrequent customer conversations</strong>. If product teams rarely talk to customers, do not conduct market research, or do not track competitor moves, they become out of touch with what’s happening in the industry.</p>
<p class=""font_7""><br></p>
<p class=""font_7""><strong>Stagnant customer insights. </strong>Products thrive on understanding customer needs and adapting to their evolving problems. When teams stop analyzing customer feedback, research, and market trends, they become out of touch, which quickly leads to stagnation.</p>","Consequences","<p class=""font_7""><strong>Product-market mismatch</strong>. As customer needs evolve and competitors innovate, a product that is not continually aligned with market demands risks becoming irrelevant. This can lead to dwindling usage, low adoption of new features, and declining overall engagement.</p>
<p class=""font_7""><br></p>
<p class=""font_7""><strong>Wasted resources on low-impact features</strong>. When there’s no clear market feedback guiding development, teams may spend valuable time and resources on features that don't add value to customers, while missing opportunities to build impactful solutions.</p>
<p class=""font_7""><br></p>
<p class=""font_7""><strong>Team uncertainty and loss of motivation</strong>. Teams feel demotivated when they lack a clear understanding of why they're building certain features or what the product is striving to achieve. Without a market-driven roadmap, prioritization becomes arbitrary, and progress feels meaningless.</p>","Recommendations","<p class=""font_7""><strong>Engage in continuous customer discovery</strong>. Learning is at the core of product management. Make it a priority to regularly talk to customers, collect feedback, and stay attuned to their needs. Use interviews, surveys, and user analytics to gain a continuous understanding of their pain points and how the product can serve them better.</p>
<p class=""font_7""><br></p>
<p class=""font_7""><strong>Analyze market trends and competitor activity</strong>. Keep an eye on market shifts, emerging trends, and competitors’ strategies. Understanding where the market is headed helps anticipate future needs and identify opportunities for differentiation.</p>
<p class=""font_7""><br></p>
<p class=""font_7""><strong>Validate assumptions before building</strong>. Whenever new features or changes are proposed, validate those ideas with customer research and market data. This ensures you’re building based on current needs, not outdated or misguided assumptions.</p>
<p class=""font_7""><br></p>
<p class=""font_7""><strong>Establish a market-driven product vision</strong>. Ground your product strategy in a clear understanding of where the market is now and where it’s going in the future. Align the team with a vision informed by customer insights and competitive positioning, and ensure this vision is used to guide all development and marketing decisions.</p>","In the ""Land of the Lost,"" product teams struggle without a clear path or direction, disconnected from what customers actually need and will buy. By actively engaging with customers, analyzing market shifts, and validating new ideas, product teams can overcome this lost state and build products that make a real impact in the market.",,,"[""606082a47b096c00156175c4""]","wix:image://v1/739bca_fab36276a63949a48c9d104df50ba4b6~mv2.jpg/rocks-1837129_1280.jpg#originWidth=1280&originHeight=853","wix:image://v1/739bca_b51414ebaf5442b0b7cd742c01e4c37d~mv2.jpg/rocks-1837129_1280_edited.jpg#originWidth=1280&originHeight=853","wix:image://v1/739bca_020ab5ee3faf460cbb70b6229947c2fb~mv2.png/noun-lost-3666527-333333.png#originWidth=1200&originHeight=1200","wix:image://v1/739bca_2f9014aa8963468d983dd78332e144e9~mv2.png/noun-lost-3666527-FFFFFF.png#originWidth=1200&originHeight=1200",,"/i/",2024-11-28T01:40:39Z,,"/i/land-of-the-lost","https://pixabay.com/photos/rocks-steps-mountain-range-clouds-1837129/","wix:image://v1/739bca_3f2299186f4c4cf38fe2a2392983ab7e~mv2.jpeg/14Lost.jpeg#originWidth=2400&originHeight=2400",,,"2024-12-29",,"6c34b499-5f6c-4fdd-9caa-2be4998a39f8",2024-11-28T00:15:45Z,"739bcaae-414e-4c86-be8f-075c046fc598"
"PUBLISHED","Tree Falls in the Woods","/reading-idiom/tree-falls-in-the-woods",2024-12-30T21:29:36Z,"f54ba9a1-da41-4a53-97dc-3560092f7160","GROWTH","Poor sales enablement can silence a product launch","A product was built with great care,
But the launch was met with blank stares.
The team wasn’t trained,
So all efforts waned,
And no one knew it was there.","<p class=""font_7"">""Tree Falls in the Woods"" refers to the scenario where a product launch happens, but no one notices. Even the best-designed product will fail to make an impact if the sales, marketing, or customer service teams aren’t properly equipped to support and promote it. Without clear messaging, training, and coordination, the product essentially falls in an empty forest, making no sound—no buzz, no traction, no sales.</p>","Symptoms","<p class=""font_7""><strong>""Stealth"" launch</strong>. Despite launching efforts, the product doesn’t gain significant attention or engagement. You’ve launched it, but no one seems to notice or care. There’s little media coverage, low traffic to landing pages, and minimal customer interest.</p>
<p class=""font_7""><br></p>
<p class=""font_7""><strong>Uninformed sales team</strong>. The sales team struggles to identify ideal prospects and communicate the product effectively. This is usually because they are not fully briefed on the product’s value proposition, features, or target audience.</p>
<p class=""font_7""><br></p>
<p class=""font_7""><strong>Lack of marketing coordination</strong>. Marketing campaigns either underperforms or fail to align with the product launch timeline, leading to missed opportunities for visibility.</p>
<p class=""font_7""><br></p>
<p class=""font_7""><strong>Poor product training</strong>. Customer support and sales teams lack the necessary training or tools to explain the product’s benefits and confidently handle customer inquiries.</p>","Consequences","<p class=""font_7""><strong>Underwhelming revenues</strong>. Without a well-coordinated launch, sales numbers will fall flat. Even if the product is excellent, it won’t make an impact if no one knows how to sell or promote it.</p>
<p class=""font_7""><br></p>
<p class=""font_7""><strong>Wasted effort</strong>. All the hard work that went into developing the product goes to waste because the launch was not executed effectively. The product may eventually get traction, but it will take longer and require more resources to catch up.</p>
<p class=""font_7""><br></p>
<p class=""font_7""><strong>Missed market window</strong>. If a product launch falls flat, it can lose its moment in the spotlight, allowing competitors to steal the show. This can result in a lost opportunity to gain early market share or build momentum.</p>
<p class=""font_7""><br></p>
<p class=""font_7""><strong>Frustrated teams</strong>. Internal teams may become demoralized when a product they worked on for months doesn’t gain the attention or success they expected. This can lead to frustration and tension between departments.</p>","Recommendations","<p class=""font_7""><strong>Prepare your sales team</strong>. Ensure the sales team is armed with the knowledge and materials they need to sell the product effectively. This includes clear value propositions, product demos, FAQs, and customer personas.</p>
<p class=""font_7""><br></p>
<p class=""font_7""><strong>Align marketing efforts</strong>. Launch marketing campaigns that are tightly aligned with the product’s release plans. Build buzz in advance with teaser campaigns, then follow up with strong post-launch support to keep the momentum going.</p>
<p class=""font_7""><br></p>
<p class=""font_7""><strong>Provide comprehensive training</strong>. Make sure every customer-facing team member—from sales and support to services and success—is thoroughly trained on the new product. They should know how to answer common questions, highlight key features, and handle objections.</p>
<p class=""font_7""><br></p>
<p class=""font_7""><strong>Measure and adapt</strong>. After the launch, actively monitor its performance. If the product isn’t getting the attention it deserves, be ready to adjust your messaging, adapt your promotions, or re-engage media and influencers to build buzz.</p>","Even the best product won’t sell itself. If the sales team isn’t properly enabled, it’s like a tree falling in the woods with no one around to hear it—the launch will go unnoticed, and opportunities will be missed. Equipping the customer-facing teams with the proper training, messaging, and tools ensures that your product achieves impressive growth in the market.","Next Steps",,"[""625c21226fa02e453e500bf1"",""601c477b79b3400017bec42c""]","wix:image://v1/739bca_7abbf955fb2c449d9357344f75512c23~mv2.jpg/iStock-1184665055%20smaller.jpg#originWidth=3000&originHeight=2185","wix:image://v1/739bca_1862fe37193a4407830a4094d89199c2~mv2.jpg/iStock-1184665055%20smaller_edited.jpg#originWidth=3000&originHeight=2185","wix:image://v1/739bca_8de8d3df348a42e8bd0acf31543c19be~mv2.png/tree-falling.png#originWidth=5000&originHeight=5000","wix:image://v1/739bca_6629b75ec0c9495c8b51593075006484~mv2.png/tree-falling-white.png#originWidth=5000&originHeight=5000",,"/i/",2024-11-28T01:40:33Z,,"/i/tree-falls-in-the-woods","https://www.istockphoto.com/photo/a-fallen-tree-leaning-against-other-trees-in-a-wood-on-dartmoor-england-gm1184665055-333578731","wix:image://v1/739bca_d523995d99fb47959fe3c71be87877e8~mv2.jpeg/9Tree.jpeg#originWidth=2400&originHeight=2400",,,"2024-12-11",,"6c9354f2-d908-4cae-a5ca-784c36c1fa22",2024-11-27T19:24:56Z,"739bcaae-414e-4c86-be8f-075c046fc598"
"PUBLISHED","Too Many Cooks","/reading-idiom/too-many-cooks",2024-12-30T21:28:42Z,"7bf65485-7562-4631-91a0-37bbfe57afa1","TEAMS","Lack of clear leadership stirs up confusion","In the kitchen, they all had a say,
But the dish went awry every day.
With voices too loud,
And far too much crowd,
No one could lead the right way.","<p class=""font_7"">""Too Many Cooks"" refers to the dysfunction that occurs when too many stakeholders are involved in decision-making without clear leadership or direction. In product development, this leads to competing priorities, indecision, and stalled progress. Without a single, clear point of accountability, teams become overwhelmed by conflicting input, and the product suffers from a lack of focus.</p>","Symptoms","<p class=""font_7""><strong>Competing priorities</strong>. Too many voices contribute, resulting in conflicting priorities and no clear agreement on the most important features or strategies.</p>
<p class=""font_7""><br></p>
<p class=""font_7""><strong>Decision paralysis</strong>. When everyone wants to have input, decisions take longer to make. Meetings stretch on without resolutions, and progress slows to a crawl.</p>
<p class=""font_7""><br></p>
<p class=""font_7""><strong>Lack of clear leadership</strong>. No single person or group is empowered to make final decisions, resulting in a chaotic decision-making process where no one is ultimately accountable.</p>
<p class=""font_7""><br></p>
<p class=""font_7""><strong>Frequent scope changes</strong>. As different stakeholders weigh in, the product’s scope continually shifts. This leads to scope creep, with new features being added and priorities constantly changing.</p>","Consequences","<p class=""font_7""><strong>Stalled progress</strong>. The more voices involved, the harder it becomes to move forward. Decision paralysis causes delays, and the product takes longer to reach the market.</p>
<p class=""font_7""><br></p>
<p class=""font_7""><strong>Lack of focus</strong>. Too many conflicting opinions cause the product to lose its focus, resulting in a feature-laden but incohesive offering that doesn’t solve the core customer problem.</p>
<p class=""font_7""><br></p>
<p class=""font_7""><strong>Frustration and burnout</strong>. Team members become frustrated by the lack of clarity and direction, which can lead to burnout. They feel like their work is constantly being derailed by competing inputs.</p>
<p class=""font_7""><br></p>
<p class=""font_7""><strong>Poor quality output</strong>. The product lacks a cohesive vision and may end up being a patchwork of different ideas that don’t fit together well. This diminishes the overall quality and appeal of the product.</p>","Recommendations","<p class=""font_7""><strong>Establish clear decision-making authority</strong>. Assign a single person or group to have the final say on product decisions. Ensure everyone knows who is responsible for making decisions and their authority is respected.</p>
<p class=""font_7""><br></p>
<p class=""font_7""><strong>Streamline input</strong>. Limit the number of voices involved in the decision-making process. While feedback is important, too many cooks can derail the progress. Create a structured way to gather input, but keep final decisions focused and streamlined.</p>
<p class=""font_7""><br></p>
<p class=""font_7""><strong>Clarify roles and responsibilities</strong>. Clearly define who is responsible for what. Ensure that there’s no ambiguity about who owns key decisions and tasks, so the team can move forward without unnecessary debates.</p>
<p class=""font_7""><br></p>
<p class=""font_7""><strong>Create a clear product vision</strong>. A well-defined product vision helps eliminate the noise of competing priorities. Ensure everyone understands the product's core objectives and decisions align with those goals.</p>","""Too many cooks"" can lead to chaos in cross-functional teams, stalling progress and creating confusion. Establishing a clear leader, defining roles and responsibilities, and fostering alignment around shared goals streamlines decision-making and creates a more cohesive, focused team. Teams build products. Remember, a well-led team can cook up much greater success than one with everyone trying to be the head chef.","Next Steps",,"[""62d9ae2b7984ecf7f3f1059c""]","wix:image://v1/739bca_390225075cdd42b2a863ee74f728fef7~mv2.jpg/iStock-150377968.jpg#originWidth=3000&originHeight=1993","wix:image://v1/739bca_0ef3df87a1a240879081d2091037e73d~mv2.jpg/iStock-150377968_edited.jpg#originWidth=3000&originHeight=1993","wix:image://v1/739bca_58ee43fecf79404c8fb9ee8e9795cc9f~mv2.png/chef.png#originWidth=5000&originHeight=5000","wix:image://v1/739bca_872b148bea144ea293644ad70a0e8261~mv2.png/chef-white.png#originWidth=5000&originHeight=5000",,"/i/",2024-11-28T01:40:36Z,,"/i/too-many-cooks","https://www.istockphoto.com/photo/too-many-cooks-gm150377968-16412625","wix:image://v1/739bca_8ecc5ac721a64e7a988caa83e8fec922~mv2.jpeg/12Cooks.jpeg#originWidth=2400&originHeight=2400",,,"2024-12-21",,"705e35d7-7849-461e-926c-601bc00b4591",2024-11-28T00:06:13Z,"739bcaae-414e-4c86-be8f-075c046fc598"
"PUBLISHED","White Noise Effect","/reading-idiom/white-noise-effect",2024-12-30T21:29:36Z,"f54ba9a1-da41-4a53-97dc-3560092f7160","GROWTH","Make your product’s message stand out in a noisy market","Amidst all the chatter, they shout,
But their message is lost in the bout.
Too much at a time,
Their voice starts to climb,
Yet nothing distinct comes about.","<p class=""font_7"">The ""White Noise Effect"" refers to when your product’s message gets drowned out by the overwhelming amount of noise in the market. With an ever-growing number of competitors, advertisements, and content vying for attention, it's easy for your voice to become just another background hum. The challenge lies in breaking through the clutter and ensuring your product's unique value proposition stands out.</p>","Symptoms","<p class=""font_7""><strong>Low engagement</strong>. Marketing campaigns and product announcements see lower-than-expected engagement, with customers scrolling past without taking notice.</p>
<p class=""font_7""><br></p>
<p class=""font_7""><strong>Failed differentiation</strong>. Despite efforts to highlight your product’s features, customers struggle to see how it stands out from similar offerings in the market.</p>
<p class=""font_7""><br></p>
<p class=""font_7""><strong>Diminished brand recall</strong>. Customers fail to remember or associate your product with any distinct value, as your messaging blends into the noise of competitors.</p>
<p class=""font_7""><br></p>
<p class=""font_7""><strong>Crowded messaging</strong>. You’re sending out multiple messages at once, confusing customers about what your product offers.</p>","Consequences","<p class=""font_7""><strong>Decreased market penetration</strong>. When your product fails to stand out, it becomes harder to capture market share, no matter how innovative it may be. You’re essentially competing for attention in an already saturated space.</p>
<p class=""font_7""><br></p>
<p class=""font_7""><strong>Wasted marketing spend</strong>. Without a clear and distinctive message, marketing investments yield little return. Ad dollars spent on campaigns that blend into the market noise result in a poor return on investment.</p>
<p class=""font_7""><br></p>
<p class=""font_7""><strong>Lost sales</strong>. Confused or indifferent customers are less likely to convert. If your message doesn’t stand out, they’ll move on to a competitor that can better communicate its value.</p>
<p class=""font_7""><br></p>
<p class=""font_7""><strong>Brand dilution</strong>. Over time, your brand’s unique identity becomes diluted, as customers can’t distinguish your offerings from the vast array of similar products available.</p>","Recommendations","<p class=""font_7""><strong>Clarify your core message</strong>. Strip away unnecessary details and focus on the one or two key benefits that set your product apart. Make your message simple, memorable, and easy to communicate across all channels.</p>
<p class=""font_7""><br></p>
<p class=""font_7""><strong>Limit your communication channels</strong>. Don’t try to be everywhere at once. Focus your efforts on the platforms where your audience is most active and engaged. Ensure consistency in your message across these key platforms.</p>
<p class=""font_7""><br></p>
<p class=""font_7""><strong>Use emotion and storytelling</strong>. Facts and figures alone can get lost in the noise. Use emotion, storytelling, and relatable scenarios to connect with your audience on a deeper level and make your message memorable.</p>
<p class=""font_7""><br></p>
<p class=""font_7""><strong>Differentiate through design and experience</strong>. Beyond messaging, differentiate your product with a unique visual identity or customer experience. A cohesive brand design and intuitive user experience can break through the noise and create lasting impressions.</p>","The ""White Noise Effect"" is a challenge for any product team trying to stand out in a crowded market. By crafting a clear, unique value proposition, telling a compelling story, and personalizing your messaging, you can break through the noise and ensure that your product's voice is heard. Remember, it's not just about being loud—it's about being clear and meaningful.","Next Steps",,"[""632f4d4b18bd6f53ba7a9153""]","wix:image://v1/739bca_589d10cc6f4f4820a7a96e1cb1bf00fb~mv2.jpg/concert-1829918_1280.jpg#originWidth=1280&originHeight=610","wix:image://v1/739bca_42dac2fd29cc43bb9c087c32902d71ef~mv2.jpg/concert-1829918_1280_edited.jpg#originWidth=1280&originHeight=610","wix:image://v1/739bca_4acb546528574728a02d1797e230e55b~mv2.png/whiteNoise-black.png#originWidth=624&originHeight=624","wix:image://v1/739bca_f65b400652da404e8def9ec1cfc387f9~mv2.png/whiteNoise.png#originWidth=936&originHeight=936",,"/i/",2024-11-28T00:01:40Z,,"/i/white-noise-effect","https://pixabay.com/photos/concert-party-island-festival-1829918/","wix:image://v1/739bca_dae0e6bda34747e7b6395967fc46cd68~mv2.jpeg/21WhiteNoise.jpeg#originWidth=2400&originHeight=2400",,,"2025-01-22",,"70dae270-1eb1-4755-8085-3bbe9387e4ca",2024-11-28T01:54:39Z,"739bcaae-414e-4c86-be8f-075c046fc598"
"PUBLISHED","Mad Libs Strategy","/reading-idiom/mad-libs-strategy",2024-12-30T21:30:23Z,"bb62cf54-718a-4ad4-b87a-380fbe22e4a3","STRATEGY","Why fill-in-the-blank planning leads to failure","A plan built on blanks and cliché,
With buzzwords to fill in the way,
But goals that aren’t clear,
Bring failure too near,
And the product just wanders astray.","<p class=""font_7"">Remember Mad-Libs, the fill-in-the-blank word game? Fun as it is for laughs, it's not a great way to develop a product strategy. A ""Mad Libs Strategy""—when companies throw together a strategic plan using empty buzzwords and surface-level goals without genuine insight—can wreak havoc on a product team.</p>","Symptoms","<p class=""font_7""><strong>Vague and overused language</strong>. The strategy is filled with buzzwords like ""synergy,"" ""disruption,"" and ""innovation"" but lacks clear, actionable definitions. Teams don’t actually know what these terms mean in the context of the product.</p>
<p class=""font_7""><br></p>
<p class=""font_7""><strong>Lack of clear priorities</strong>. Without a well-thought-out strategy, everything seems important. Teams end up working on a laundry list of disconnected tasks, none of which feel critical or well-connected to a bigger goal.</p>
<p class=""font_7""><br></p>
<p class=""font_7""><strong>Disconnected from customer needs</strong>. The strategy doesn't reflect a deep understanding of the market or customer pain points. Instead, it’s based on assumptions or trendy ideas that don’t address real needs.</p>
<p class=""font_7""><br></p>
<p class=""font_7""><strong>Goals without a roadmap</strong>. There are lofty, generic goals (e.g., ""become a market leader"" or ""drive growth"") without a practical plan for how to achieve them. Teams are left without clarity on the steps to take or how success will be measured.</p>","Consequences","<p class=""font_7""><strong>Confusion and lack of focus</strong>. Teams struggle to prioritize work because the strategic goals are either unclear or too broad. This leads to misallocated resources and projects not aligned with any clear business objective.</p>
<p class=""font_7""><br></p>
<p class=""font_7""><strong>Poor product-market fit</strong>. Products built on shallow strategies often fail to resonate with the target audience. They may look good on paper but miss the mark in terms of solving real problems or offering unique value.</p>
<p class=""font_7""><br></p>
<p class=""font_7""><strong>Wasted time and resources</strong>. Teams invest significant effort in pursuing goals that don’t move the needle or add value. This leads to frustration and a sense of working hard without real progress.</p>
<p class=""font_7""><br></p>
<p class=""font_7""><strong>Inconsistent leadership and decision-making</strong>. Leadership has no real compass to guide decisions, resulting in frequent pivots, changes in direction, and inconsistency in decision-making. Teams lose confidence in leadership's ability to steer the ship.</p>","Recommendations","<p class=""font_7""><strong>Start with the “why.”</strong> Define your strategy by first understanding the core problem your company solves (or intends to solve), the unique value it provides, and why it matters to customers. This foundation will help guide every decision and ensure the strategy is built on real insights, not clichés.</p>
<p class=""font_7""><br></p>
<p class=""font_7""><strong>Involve cross-functional teams early</strong>. Don’t fill in strategy templates in a vacuum. Involve key teams—product, sales, marketing, support, and others—to ensure that the strategy is grounded in a shared understanding of market needs, customer pain points, and company capabilities.</p>
<p class=""font_7""><br></p>
<p class=""font_7""><strong>Be specific and action-oriented</strong>. Replace vague statements with specific, measurable goals. Instead of “We want to be an industry leader,” try “We will increase our market share in the SMB space by 20% within the next 12 months by focusing on X, Y, and Z initiatives.”</p>
<p class=""font_7""><br></p>
<p class=""font_7""><strong>Regularly validate and refine</strong>. Treat your strategy as a living document. Regularly check progress against your goals, validate assumptions with data and market feedback, and refine the strategy to stay on course.</p>","A “Mad Libs Strategy” is easy to create but hard to execute effectively. It can give the illusion of a plan while leading teams down a path of inefficiency, wasted effort, and failure to deliver meaningful results. It’s the classic case of style over substance—at the expense of long-term success. By going beyond the fill-in-the-blank templates and building a strategy based on deep understanding, clear goals, and actionable steps, your company can create a roadmap that truly guides the product and delivers value to customers.","Next Steps","[""e1f53cfd-95dc-4865-a8c8-902c74b0f3fa""]","[""647f842fb3935b299b0b6438""]","wix:image://v1/739bca_8c53bf395bae48d2852e82348fa498a3~mv2.jpg/marlibs.jpg#originWidth=1280&originHeight=853","wix:image://v1/739bca_2d2a7cf4f98344a4b54fc0140227cdff~mv2.jpg/marlibsBW-faded.jpg#originWidth=1280&originHeight=853","wix:image://v1/739bca_0c46dc4579d340e797152f584c69690b~mv2.png/madlibs.png#originWidth=5000&originHeight=5000","wix:image://v1/739bca_31605c98e3774963a8ef4a99ab7e6e9a~mv2.png/madlibs-white.png#originWidth=5000&originHeight=5000",,"/i/",2024-11-28T01:40:06Z,,"/i/mad-libs-strategy","https://pixabay.com/photos/printing-house-paper-cut-material-3733104/","wix:image://v1/739bca_a9d23f9bd0c94f9daf8c7ccca634f105~mv2.jpeg/13MadLibs.jpeg#originWidth=2400&originHeight=2400",,,"2024-12-26",,"7e8a3484-52c8-4024-b635-cb6118ae6aeb",2024-10-08T01:45:23Z,"739bcaae-414e-4c86-be8f-075c046fc598"
"PUBLISHED","Multiple Personalities","/reading-idiom/multiple-personalities",2024-12-30T21:30:23Z,"bb62cf54-718a-4ad4-b87a-380fbe22e4a3","STRATEGY","When each team has its own perspective on product direction","When each team’s on a different quest,
And no one agrees on what’s best,
The strategy's lost,
With confusion the cost,
And the product’s a muddled-up mess.","<p class=""font_7"">Chaos ensues when teams and individuals can't agree on the product’s strategic direction—what it does, who it serves, and why—resulting in a product with multiple personalities. Strategic misalignment is a killer for product teams and usually manifests in subtle but destructive ways.</p>","Symptoms","<p class=""font_7""><strong>Conflicting priorities across teams</strong>. When product, marketing, sales, and engineering all have different views on what’s most important, you’ll see teams working on competing goals, leading to fragmented efforts and resource wastage.</p>
<p class=""font_7""><br></p>
<p class=""font_7""><strong>Frequent scope changes or project delays</strong>. Without clear strategic direction, teams constantly change course, leading to missed deadlines, and a product that never seems to fully gel.</p>
<p class=""font_7""><br></p>
<p class=""font_7""><strong>Unclear or vague product messaging</strong>. If the team doesn’t agree on who the product serves or why, marketing materials and customer-facing communications will be inconsistent, leaving potential customers confused or uninterested.</p>
<p class=""font_7""><br></p>
<p class=""font_7""><strong>High levels of internal debate and conflict</strong>. When stakeholders can't agree on the product’s purpose or direction, you’ll often see meetings devolve into endless debates without decisions, eroding team morale and productivity.</p>
<p class=""font_7""><br></p>
<p class=""font_7""><strong>Low customer satisfaction or adoption</strong>. A product built with conflicting strategic goals will fail to solve real customer problems effectively, leading to poor adoption rates, low engagement, or negative feedback from the target audience.</p>","Consequences","<p class=""font_7""><strong>Wasted resources</strong>. Time, money, and effort are squandered on features, initiatives, or marketing campaigns that don’t support the core product strategy. Teams end up building things that don’t deliver value to the customer or the business.</p>
<p class=""font_7""><br></p>
<p class=""font_7""><strong>Slow decision-making</strong>. Without a unified strategy, decisions become bogged down by debates, approvals, and second-guessing. The team can't move forward efficiently because no one agrees on the right path.</p>
<p class=""font_7""><br></p>
<p class=""font_7""><strong>Declining team morale</strong>. When teams experience constant shifts in direction or conflicting goals, it creates frustration and burnout. People feel like their work lacks purpose or impact, leading to disengagement and turnover.</p>
<p class=""font_7""><br></p>
<p class=""font_7""><strong>Market irrelevance</strong>. A misaligned product is more likely to miss the mark with customers by failing to meet their needs or not differentiating in a competitive landscape; a product without clear strategic direction risks becoming irrelevant.</p>
<p class=""font_7""><br></p>
<p class=""font_7""><strong>Missed growth opportunities</strong>. Strategic misalignment often means the organization overlooks or mismanages new opportunities for growth. Instead of focusing on high-value markets or customer segments, the team is distracted by internal conflicts or misguided priorities.</p>","Recommendations","<p class=""font_7""><strong>Establish a unified product strategy</strong>. Create a clear strategic plan that defines the company’s core objectives, target market, and key differentiators. This strategy should guide product development, go-to-market efforts, and decision-making across all teams.</p>
<p class=""font_7""><br></p>
<p class=""font_7""><strong>Ensure cross-functional alignment</strong>. Align all teams—from engineering to sales—around shared objectives and key results (OKRs). Every department’s activities should clearly ladder up to the company’s strategic goals.</p>
<p class=""font_7""><br></p>
<p class=""font_7""><strong>Reinforce the strategy regularly</strong>. Strategy isn’t a ""set it and forget it"" exercise. Regularly revisit the company’s strategic priorities in town halls, team meetings, and documentation, ensuring that everyone is aligned and that any changes are communicated clearly.</p>
<p class=""font_7""><br></p>
<p class=""font_7""><strong>Empower teams to make strategy-based decisions</strong>. Empower product managers, team leads, and other decision-makers to say ""no"" to initiatives that don’t align with the core strategy. Having a strong filter prevents fragmented efforts and keeps the company moving in a unified direction.</p>","An organization plagued by strategic ""multiple personalities"" struggles to make meaningful progress. By defining a cohesive strategy and ensuring all teams and decisions align with this direction, your company can create a more focused product, work toward clear goals, and resonate with the right audience.","Next Steps",,"[""6176c7f9f6cb0900168230a5""]","wix:image://v1/739bca_a3516eba96f2428ea4b23e8442f03bae~mv2.jpg/iStock-2121029847.jpg#originWidth=6000&originHeight=5079","wix:image://v1/739bca_07a191e841354c9a86891004e6a3a9d8~mv2.jpg/iStock-2121029847_edited_edited.jpg#originWidth=3000&originHeight=2540","wix:image://v1/739bca_fe8bba8c06f24f26832730e2d4e253d8~mv2.png/multi-personality.png#originWidth=5000&originHeight=5000","wix:image://v1/739bca_afcbefb51cb742799e94f531788fd6a7~mv2.png/multi-personality-white.png#originWidth=5000&originHeight=5000",,"/i/",2024-11-28T01:40:20Z,,"/i/multiple-personalities","https://www.istockphoto.com/vector/large-group-of-diverse-people-with-thoughts-gm2121029847-567506479?clarity=false","wix:image://v1/739bca_b391dec51a46469da503c96119ef401a~mv2.jpg/8personalities.jpg#originWidth=720&originHeight=720",,,"2025-01-15",,"82188bcc-db64-4f89-865d-aacbecdc9e5d",2024-10-08T01:45:23Z,"739bcaae-414e-4c86-be8f-075c046fc598"
"PUBLISHED","Peanut Butter Strategy","/reading-idiom/peanut-butter-strategy",2024-12-30T21:30:47Z,"3aaafc1d-f3b3-40f9-8aab-f981cdbf0302","PLANNING","Spreading your resources too thinly","With plans spread as thin as you can,
You’ll cover too much, miss the plan.
When problems are wide,
The impact is denied,
And you'll wonder where focus began.","<p class=""font_7"">The ""Peanut Butter Strategy"" refers to spreading your resources across too many market segments and product initiatives. When you try to do everything for everyone, the quality of your product suffers. Teams are stretched, priorities become unclear, and the product lacks focus, preventing any area from achieving the depth needed for success.</p>","Symptoms","<p class=""font_7""><strong>Too many projects, few impactful. </strong>You have multiple initiatives, but few (or none) are making a significant impact. You’re doing too many things at a surface level instead of excelling in a few key areas.</p>
<p class=""font_7""><br></p>
<p class=""font_7""><strong>Constantly shifting priorities. </strong>Teams feel like they’re jumping from one project to the next without making real progress.</p>
<p class=""font_7""><br></p>
<p class=""font_7""><strong>Quality issues. </strong>Spreading resources too thin leads to half-baked features and bugs. Teams can't dedicate enough time to polish or optimize key functionality.</p>","Consequences","<p class=""font_7""><strong>Mediocre product. </strong>By attempting to cater to too many needs, your product fails to excel at anything, leaving customers dissatisfied.</p>
<p class=""font_7""><br></p>
<p class=""font_7""><strong>Wasted resources. </strong>Valuable time, energy, and budget are used inefficiently, with the team working on low-impact projects instead of concentrating on what matters most to customers.</p>
<p class=""font_7""><br></p>
<p class=""font_7""><strong>Missed opportunities. </strong>Competitors will focus on key areas and outperform you. You risk losing ground in the market as customers migrate to more specialized solutions.</p>
<p class=""font_7""><br></p>
<p class=""font_7""><strong>Decreased morale. </strong>Teams feel ineffective and exhausted from constantly juggling too many priorities, leading to dissatisfaction and turnover.</p>","Recommendations","<p class=""font_7""><strong>Prioritize effectively. </strong>Ruthlessly focus on a few critical initiatives that will have the most impact. Use decision-making frameworks such as <a href=""https://www.productgrowthleaders.com/post/aspire-to-your-capabilities""><u>ASPIRE</u></a> and <a href=""https://www.productgrowthleaders.com/post/prioritization-using-idea""><u>IDEAS</u></a> to determine what gets attention and what doesn’t.</p>
<p class=""font_7""><br></p>
<p class=""font_7""><strong>Allocate resources smartly. </strong>Ensure the right people and enough time are allocated to high-priority projects. Don’t spread resources thin by trying to cover too many areas at once.</p>
<p class=""font_7""><br></p>
<p class=""font_7""><strong>Focus on core strengths. </strong>Identify your product's core strengths or differentiation points and concentrate on excelling there, rather than trying to please everyone.</p>","The Peanut Butter Strategy might seem like an attempt to cover all your bases, but it results in mediocrity. To succeed, product teams must focus their resources on high-impact areas, ensuring quality and depth in the most critical aspects of the product.","Next Steps",,"[""62b05619b5d119a157abca26""]","wix:image://v1/739bca_b29adc02e79a4cb9a748451a899cb8d1~mv2.jpg/peanut%20butter.jpg#originWidth=1280&originHeight=899","wix:image://v1/739bca_fe6a3155821541c99ecd4055b18708a5~mv2.jpg/peanut%20butter_edited.jpg#originWidth=1280&originHeight=899","wix:image://v1/739bca_58b168ec300d433681d394e28d124d4c~mv2.png/noun-peanut-butter-4789217-333333.png#originWidth=1200&originHeight=1200","wix:image://v1/739bca_93f5c239978e45d2aa9289dbeb706560~mv2.png/noun-peanut-butter-4789217-FFFFFF.png#originWidth=1200&originHeight=1200",,"/i/",2024-10-24T02:48:34Z,,"/i/peanut-butter-strategy","https://pixabay.com/photos/board-bread-brown-butter-crumb-1239114/","wix:image://v1/739bca_43ae2a32dcfb4566be3006beed819f3a~mv2.jpeg/peanut%20butter.jpeg#originWidth=2400&originHeight=2400",,,"2024-11-27",,"8805a1ef-9266-4f6f-84c1-2f56d4cd133b",2024-10-24T03:07:52Z,"739bcaae-414e-4c86-be8f-075c046fc598"
"PUBLISHED","Failure to Launch","/reading-idiom/failure-to-launch",2024-12-30T21:29:36Z,"f54ba9a1-da41-4a53-97dc-3560092f7160","GROWTH","When great ideas never make it to market","They had ideas ready to soar,
But they stayed grounded, never much more.
Fear and delays,
They stalled through the days,
Now they wonder what they’re waiting for.","<p class=""font_7"">""Failure to Launch"" refers to a situation where promising product ideas or features never reach the market. This phenomenon is often driven by endless cycles of perfectionism or internal misalignment. Or holding up the release for “one more thing.” While companies may have the next game-changing idea, hesitation and indecision prevent growth and learning from real market feedback. The inability to move forward stagnates not only the product but the company itself.</p>","Symptoms","<p class=""font_7""><strong>Endless iterations. </strong>Teams become stuck in perpetual cycles of refinement, always chasing the next minor improvement instead of pushing for release. This leads to products never being ""ready enough"" to ship.</p>
<p class=""font_7""><br></p>
<p class=""font_7""><strong>Incessant debates.</strong> Long discussions about features, designs, and positioning that feel productive but result in no forward motion. Every team or stakeholder may have conflicting views, and alignment is never fully achieved.</p>
<p class=""font_7""><br></p>
<p class=""font_7""><strong>Missed deadlines.</strong> Launch dates are continually pushed back without a clear plan for resolution. Teams justify delays by arguing for additional polish or feature completeness, but this only perpetuates the delay.</p>
<p class=""font_7""><br></p>
<p class=""font_7""><strong>Analysis paralysis.</strong> Data and feedback are overanalyzed, with teams getting stuck on trying to predict the ""perfect"" outcome. Instead of moving forward with a strong hypothesis, fear of making the wrong decision paralyzes action.</p>","Consequences","<p class=""font_7""><strong>Missed market opportunities</strong>. In the fast-paced world of product development, timing is critical. Delaying launches can mean missing out on critical market windows, allowing competitors to capture the space, or missing evolving customer needs—leaving your product obsolete before it ever launches.</p>
<p class=""font_7""><br></p>
<p class=""font_7""><strong>Wasted resources</strong>. Teams spend countless hours on capabilities that never generate any value. This sunk cost can drain the organization’s time, morale, and budget, which could have been invested elsewhere.</p>
<p class=""font_7""><br></p>
<p class=""font_7""><strong>Lack of feedback</strong>. Without gathering customer feedback pre-market launch, the team doesn’t receive real-world feedback from users. This leads to products that may be optimized internally but miss the mark for customers. The learning that comes from early market feedback is invaluable, and delaying it only increases the risk of launching something that fails.</p>
<p class=""font_7""><br></p>
<p class=""font_7""><strong>Internal frustration</strong>. Over time, employees become frustrated by the lack of tangible progress. Motivation declines, and the product team may experience burnout or turnover as they struggle to push their work forward.</p>","Recommendations","<p class=""font_7""><strong>Emphasize market validation</strong>. Make it clear that no internal conversation or debate can replace real customer feedback from customers and potential customers. Phasing the launch with smaller groups sooner gives the team the opportunity to adapt based on actual user behavior, which is far more valuable than endless internal discussions.</p>
<p class=""font_7""><br></p>
<p class=""font_7""><strong>Adopt a prototyping mindset</strong>. As quickly as possible, share prototypes and early-access features with selected users. Resist the urge to polish every aspect of the product; instead, prioritize the most critical features and start learning from real user feedback.</p>
<p class=""font_7""><br></p>
<p class=""font_7""><strong>Set clear deadlines with accountability</strong>. Ensure the team is aligned on firm launch dates and hold individuals accountable. Set a culture where delivering imperfect but functional products is valued over endless debate and polish.</p>
<p class=""font_7""><br></p>
<p class=""font_7""><strong>Streamline decision making</strong>. Reduce the number of decision-makers involved in the launch process. Create clear ownership for product decisions and reduce the back-and-forth that can lead to analysis paralysis. Assign one person to make the final call when alignment isn't achieved.</p>","A great idea that never launches is wasted potential. By focusing on early launches, clear go-to-market strategies, and a culture of simplicity and iteration, product teams can get their ideas off the ground, learn from their customers, and continue to improve over time. Remember, launching a good product today is better than a perfect one that never sees the light of day.","Next Steps",,"[""625c21226fa02e453e500bf1""]","wix:image://v1/739bca_9941618cfaca4efea180bab3a040e263~mv2.jpg/rocket-launch-67646_1280.jpg#originWidth=1280&originHeight=852","wix:image://v1/739bca_d3fa101745454862ba08b3378aae2319~mv2.jpg/rocket-launch-67646_1280_edited.jpg#originWidth=1280&originHeight=852","wix:image://v1/739bca_0e808e406d144daba0444dae282e1d3c~mv2.png/launchFailureIdiom.png#originWidth=5133&originHeight=5133","wix:image://v1/739bca_d76a0a7c539b44cdb0612ab082a82c40~mv2.png/launchFailureIdiom-white.png#originWidth=5133&originHeight=5133",,"/i/",2024-10-16T20:50:30Z,,"/i/failure-to-launch","https://pixabay.com/photos/rocket-launch-rocket-take-off-67646/","wix:image://v1/739bca_05adfcbc35aa4e51a544ce4afadca0b3~mv2.jpeg/launch.jpeg#originWidth=2400&originHeight=2400",,,"2024-11-13",,"927cfcad-4267-4557-a88e-83f75039b815",2024-10-16T20:52:54Z,"739bcaae-414e-4c86-be8f-075c046fc598"
"PUBLISHED","Shiny Object Syndrome","/reading-idiom/shiny-object-syndrome",2024-12-30T21:30:47Z,"3aaafc1d-f3b3-40f9-8aab-f981cdbf0302","PLANNING","How chasing new ideas can derail product focus","A new idea makes quite a scene,
It’s flashy, exciting, and keen,
But each pet project’s sway
Leads the roadmap astray,
And the product’s left caught in between.","<p class=""font_7"">""Shiny Object Syndrome"" refers to the tendency to chase after the latest exciting idea, often at the expense of existing priorities. These are usually distractions for product teams, as they constantly steer off course to explore the next new thing, leaving projects half-finished and core objectives ignored.</p>","Symptoms","<p class=""font_7""><strong>Frequent “pivots” with little justification</strong>. Every new leadership idea immediately finds its way into the roadmap, and existing projects are paused or canceled.</p>
<p class=""font_7""><br></p>
<p class=""font_7""><strong>Pressure to constantly innovate</strong>. While innovation is crucial, over-focusing on the latest thing can lead to neglecting the fundamentals—such as improving current features, responding to existing customer needs, and scaling the product properly.</p>
<p class=""font_7""><br></p>
<p class=""font_7""><strong>Unfinished features and half-baked ideas</strong>. The product is filled with ""cool"" features that aren’t fully developed or user-tested because the team keeps moving on to the next new thing.</p>
<p class=""font_7""><br></p>
<p class=""font_7""><strong>Lack of clear, long-term vision.</strong> When the focus constantly changes, it’s hard for the product team and other stakeholders to understand the product’s long-term direction or key objectives.</p>","Consequences","<p class=""font_7""><strong>Vision dilution and loss of strategic focus.</strong> Jumping on every shiny object diverts focus from the long-term product vision, resulting in a product that lacks a coherent narrative or cohesive value proposition.</p>
<p class=""font_7""><br></p>
<p class=""font_7""><strong>Stalled development cycles.</strong> Each new idea introduced means existing work is put on hold. This constant pivoting not only delays progress but also disrupts the development cycle, making it difficult to deliver on previous commitments.</p>
<p class=""font_7""><br></p>
<p class=""font_7""><strong>Waste of resources and effort. </strong>By frequently shifting focus, teams spend time and resources on projects that may never see the light of day or aren’t given the proper attention to become fully functional.</p>
<p class=""font_7""><br></p>
<p class=""font_7""><strong>Customer frustration</strong>. When teams focus too much on shiny, unproven features, core functionality may suffer, resulting in customer dissatisfaction and a product that doesn’t meet user needs.</p>","Recommendations","<p class=""font_7""><strong>Stick to a prioritization framework</strong>. Every new idea, regardless of its origin, should go through the same prioritization process. The <a href=""https://www.productgrowthleaders.com/post/prioritization-using-idea""><u>IDEAS</u></a> framework ensures features are evaluated based on impact, effort, and strategic alignment before being added to the roadmap.</p>
<p class=""font_7""><br></p>
<p class=""font_7""><strong>Communicate trade-offs and opportunity costs</strong>. Clearly communicate to leadership what is being delayed or deprioritized to make room for a new idea. Show how changes impact costs, timelines, and the ability to meet core goals.</p>
<p class=""font_7""><br></p>
<p class=""font_7""><strong>Timebox exploration and testing of new ideas.</strong> If a new idea seems promising, allocate a fixed amount of time for the team to test its feasibility before fully committing to it. A short exploration period helps determine if the shiny object is worth pursuing further without risking ongoing work.</p>
<p class=""font_7""><br></p>
<p class=""font_7""><strong>Encourage discipline around strategy.</strong> Help senior leaders see the bigger picture by keeping the product’s core goals front and center. Regularly revisit the long-term product vision to ensure new ideas align with established objectives.</p>","While new ideas and innovations are the lifeblood of any product, chasing every ""shiny object"" can lead to a loss of focus, half-baked features, and an inconsistent product strategy. Product teams can focus on building meaningful solutions aligned with their vision by establishing a disciplined approach to evaluating new ideas and balancing them with existing priorities.","Next Steps",,"[""624f5afa83b7000ccb1f6cef""]","wix:image://v1/739bca_53a132b5c7674556a7bf2ecc2d3a861b~mv2.jpg/shinyObject.jpg#originWidth=1280&originHeight=720","wix:image://v1/739bca_2aac4b9c8fdd46dc97d74529cd8a7077~mv2.jpg/shinyObject_edited.jpg#originWidth=1280&originHeight=720","wix:image://v1/739bca_c13b17dd5cb249b795207a08027bf1f5~mv2.png/noun-shiny-3564981-333333.png#originWidth=1200&originHeight=1200","wix:image://v1/739bca_1c67d067180e4c53a5834302e8ded6b4~mv2.png/noun-shiny-3564981-FFFFFF.png#originWidth=1200&originHeight=1200",,"/i/",2024-11-28T01:40:25Z,,"/i/shiny-object-syndrome","https://pixabay.com/photos/reflection-metal-shiny-metallic-4309043/","wix:image://v1/739bca_bc213e28b3c64bb79501ca9f567664f7~mv2.jpeg/Slide19.jpeg#originWidth=2400&originHeight=2400",,,"2025-01-08",,"a92fbacc-d83b-4873-aa73-0e69885d8c12",2024-10-08T01:45:23Z,"739bcaae-414e-4c86-be8f-075c046fc598"
"PUBLISHED","One-Armed Paper Hanger","/reading-idiom/one-armed-paper-hanger",2024-12-30T21:28:57Z,"7bf65485-7562-4631-91a0-37bbfe57afa1","TEAMS","When your key resource becomes the bottleneck","With one arm, they struggled each day,
Juggling tasks in a frantic display.
But with work overload,
Their progress slowed,
And nothing quite went the right way.","<p class=""font_7"">The ""One-Armed Paper Hanger"" describes the situation where key resources are stretched too thin, trying to handle multiple tasks or responsibilities simultaneously. Whether it’s due to understaffing, unclear roles, or over-commitment, these individuals are left feeling overwhelmed, and their productivity declines. This not only impacts the individual but creates a bottleneck for the entire team, slowing down product development and causing inefficiencies.</p>","Symptoms","<p class=""font_7""><strong>Frequent bottlenecks. </strong>Projects stall or get delayed because certain individuals are unable to keep up with the workload, causing a cascade of missed deadlines.</p>
<p class=""font_7""><br></p>
<p class=""font_7""><strong>Increased defects, decreased productivity. </strong>Mistakes increase when work is rushed. Less work is completed when key team members are continually task-switching.</p>
<p class=""font_7""><br></p>
<p class=""font_7""><strong>Overworked key employees.</strong> Critical team members are managing too many tasks or projects at once. They are constantly switching contexts, which results in delays and lower-quality work.</p>
<p class=""font_7""><br></p>
<p class=""font_7""><strong>Burnout and frustration. </strong>Employees feel overburdened and may become demotivated, leading to higher turnover or disengagement from their work. Productivity decreases as stress levels rise.</p>","Consequences","<p class=""font_7""><strong>Missed deadlines</strong>. Projects are delayed as overburdened team members struggle to complete tasks on time. This impacts the entire team and slows down overall progress.</p>
<p class=""font_7""><br></p>
<p class=""font_7""><strong>Decline in product quality</strong>. When key individuals are juggling too many tasks, the quality of their work suffers. This can lead to flawed features, technical debt, and poor customer experiences, ultimately harming the product’s reputation.</p>
<p class=""font_7""><br></p>
<p class=""font_7""><strong>Team frustration</strong>. The rest of the team becomes frustrated while waiting for bottlenecks to clear. This can lead to tension, a lack of cohesion, and a drop in morale.</p>
<p class=""font_7""><br></p>
<p class=""font_7""><strong>Increased turnover</strong>. Overworked employees may eventually burn out and leave the company, leading to knowledge gaps and further delays as new hires are onboarded.</p>","Recommendations","<p class=""font_7""><strong>Clarify roles and responsibilities</strong>. Ensure that each team member’s responsibilities are clear and tasks are distributed evenly. Avoid overloading key individuals with more work than they can handle.</p>
<p class=""font_7""><br></p>
<p class=""font_7""><strong>Prioritize and Delegate</strong>. Reevaluate the workload and prioritize the most critical tasks. Delegate non-essential or lower-priority tasks to other team members or external resources to alleviate pressure on key employees.</p>
<p class=""font_7""><br></p>
<p class=""font_7""><strong>Increase staffing where necessary</strong>. If certain key individuals are consistently overburdened, consider adding additional resources or hiring to fill gaps. This prevents burnout and ensures that all tasks are adequately managed.</p>
<p class=""font_7""><br></p>
<p class=""font_7""><strong>Implement process improvements</strong>. Streamline workflows and eliminate unnecessary steps to make processes more efficient. Look for unnecessary documentation, meetings, and ceremonies that prevent individuals from focusing on the most impactful work.</p>","A one-armed paper hanger may be busy, but they're not efficient. By redistributing the workload, cross-training team members, and enabling key resources to focus on high-impact tasks, you can avoid bottlenecks, improve productivity, and reduce stress on the team. Remember, an effective product team is one where no single person is holding up progress.","Next Steps",,"[""6172f22b09449a0016613c3e""]","wix:image://v1/739bca_44e99d0857bf4c4aa1958e8c2e381fa3~mv2.jpg/iStock-182870190.jpg#originWidth=6668&originHeight=4992","wix:image://v1/739bca_79241237373b4e85afcc2399c9fde05e~mv2.jpg/iStock-182870190_edited.jpg#originWidth=3000&originHeight=2246","wix:image://v1/739bca_b20a9de044514805b6d05304f40e71d1~mv2.png/noun-wallpaper-6327807-333333.png#originWidth=1200&originHeight=1200","wix:image://v1/739bca_ef7918ec10134bb685cf7f568d461797~mv2.png/noun-wallpaper-6327807-FFFFFF.png#originWidth=1200&originHeight=1200",,"/i/",2024-11-28T01:40:23Z,,"/i/one-armed-paper-hanger","https://www.istockphoto.com/photo/sripes-on-wallpaper-gm182870190-13549564","wix:image://v1/739bca_c34998dd033941fa9b8eda8207519eec~mv2.jpeg/11Wallpaper.jpeg#originWidth=2400&originHeight=2400",,,"2024-12-14",,"bd67c7a1-f8c4-48cb-be3e-577653978f4d",2024-11-27T19:51:04Z,"739bcaae-414e-4c86-be8f-075c046fc598"
"PUBLISHED","Making it Up In Volume","/reading-idiom/making-it-up-in-volume",2024-12-30T21:29:13Z,"f54ba9a1-da41-4a53-97dc-3560092f7160","GROWTH","“We lose money on every deal, but we plan to make it up in volume.”","There once was a team full of cheer,
Who sold at a loss, far and near.
""We’ll make it in bulk!""
They declared with a sulk,
But profits, it seemed, disappeared!","<p class=""font_7"">""Making it Up In Volume"" captures a classic and absurd misunderstanding of business fundamentals. It highlights the flawed thinking where companies believe they can scale their way out of unprofitable deals, hoping volume will somehow save the day.</p>","Symptoms","<p class=""font_7""><strong>Constant pressure to close more deals. </strong>Sales teams are pushed to close as many deals as possible, with little regard for deal quality, profitability, or customer fit. The focus is purely on volume.</p>
<p class=""font_7""><br></p>
<p class=""font_7""><strong>Unsustainable pricing models. </strong>The company consistently pitches its products or services below cost, believing they can compensate through increased sales volume. Discounts and aggressive promotions are rampant.</p>
<p class=""font_7""><br></p>
<p class=""font_7""><strong>Focus on top-line growth over profitability. </strong>Leadership is obsessed with metrics such as unit sales and revenue growth while ignoring overall profitability.</p>
<p class=""font_7""><br></p>
<p class=""font_7""><strong>High customer acquisition costs. </strong>The company overspends on customer acquisition to drive volume, often at a cost that outweighs the customer's lifetime value.</p>","Consequences","<p class=""font_7""><strong>Mounting financial losses</strong>. If each deal loses money, scaling those losses means the company is digging itself into a deeper financial hole. High sales volumes only accelerate the rate of loss, leading to cash flow issues.</p>
<p class=""font_7""><br></p>
<p class=""font_7""><strong>Burnout and turnover in sales. </strong>Sales teams face enormous pressure to close deals, often with little regard for quality or long-term customer relationships. The constant churn and misaligned incentives lead to frustration and turnover.</p>
<p class=""font_7""><br></p>
<p class=""font_7""><strong>Compromised product or service quality. </strong>As margins get squeezed, the company may resort to cutting corners in production or service delivery, leading to lower-quality products, dissatisfied customers, and a damaged reputation.</p>
<p class=""font_7""><br></p>
<p class=""font_7""><strong>Inability to scale. </strong>Eventually, the business reaches a tipping point where it cannot scale further without dramatically increasing prices (risking customer loss) or reducing costs significantly. Often, by the time this is realized, it’s too late to course-correct without drastic measures, such as layoffs or restructuring.</p>","Recommendations","<p class=""font_7""><strong>Reassess pricing strategy.</strong> Conduct a deep pricing analysis to ensure that each product or service sold generates a positive contribution margin. This means covering direct costs (materials, labor, etc.) and contributing to overheads. Implement value-based pricing rather than cost-based pricing. Focus on what customers are willing to pay based on their perceived value rather than pricing just to move volume or match competitors.</p>
<p class=""font_7""><br></p>
<p class=""font_7""><strong>Focus on customer lifetime value (CLV).</strong> Shift from focusing on individual sales transactions to maximizing customer lifetime value. This involves not only acquisition but also retention and upselling. Segment customers based on profitability and focus acquisition efforts on the most profitable segments. Use predictive models to identify high-value customers and tailor offerings their offerings and pricing plans.</p>
<p class=""font_7""><br></p>
<p class=""font_7""><strong>Improve operational efficiency.</strong> Audit your operational processes to find areas where costs can be reduced without sacrificing quality. This might mean improving supply chain management, cutting unnecessary overhead, or automating manual tasks.</p>
<p class=""font_7""><br></p>
<p class=""font_7""><strong>Shift focus to profitability metrics.</strong> Change internal KPIs and incentives to emphasize profitability over growth. Instead of solely tracking revenue or market share, prioritize metrics like gross margin, operating margin, and customer profitability. Tie sales commissions and bonuses to profitability, not just deal volume. If their compensation depends on it, sales teams will think twice about closing deals that don’t contribute to the bottom line.</p>","The “make it up in volume” mentality might sound like ambition, but it’s really a recipe for disaster, as it ignores the fundamental need for profit at the unit level. Scale only works when you're already making money on each sale!","Next Steps","[""56bae00e-61d8-48f7-9776-2bd0dae08fa7""]","[""66aaa45275ea6514639e55b1""]","wix:image://v1/739bca_dd8afc33eeba4f1187add373b089d54e~mv2.jpg/container-537724_1280.jpg#originWidth=1280&originHeight=853","wix:image://v1/739bca_ce5b8eec5c614aeaa681f9fcb833647e~mv2.jpg/container-537724_1280_edited.jpg#originWidth=1280&originHeight=853","wix:image://v1/739bca_13c9afc220c04067893d1393dd6a4570~mv2.png/make-it-up-in-volume.png#originWidth=5000&originHeight=5000","wix:image://v1/739bca_0657612039184a40aaa29b2a6649226b~mv2.png/make-it-up-in-volume-white.png#originWidth=5000&originHeight=5000",,"/i/",2024-11-28T01:40:47Z,,"/i/making-it-up-in-volume","https://pixabay.com/photos/container-ship-container-freighter-537724/","wix:image://v1/739bca_aca3978d5acb457caba9081649a5bd51~mv2.jpeg/15Volume.jpeg#originWidth=2400&originHeight=2400",,,"2025-01-19",,"c0c966aa-aa9e-41d4-b034-3c9e365475d0",2024-11-28T01:32:26Z,"739bcaae-414e-4c86-be8f-075c046fc598"
"PUBLISHED","The Jungle Book","/reading-idiom/the-jungle-book",2024-12-30T21:29:36Z,"f54ba9a1-da41-4a53-97dc-3560092f7160","GROWTH","Mimicking competitors leads to a lost voice","They copied the message with glee,
Thinking it’d work, can’t you see?
But their voice was too plain,
And lost in the main,
Now they’re stuck with no clear identity.","<p class=""font_7"">""The Jungle Book"" effect, inspired by the song ""I Wanna Be Like You,"" happens when companies mimic their competitors’ messaging instead of carving out their own identity. This approach may seem like a safe bet—if it works for others, it should work for you, right? But this leads to weak differentiation, confusion among potential customers, and a diluted product message that struggles to stand out in the market.</p>
<p class=""font_7""><br></p>
<p class=""font_7"">Oh, oobee doo</p>
<p class=""font_7"">I wanna be like you</p>
<p class=""font_7"">I wanna walk like you, talk like you, too</p>
<p class=""font_7"">You'll see it's true, someone like me</p>
<p class=""font_7"">Can learn to be like someone like you.</p>","Symptoms","<p class=""font_7""><strong>Customer confusion</strong>. Users can’t tell the difference between your product and others in the same category. They don’t see a compelling reason to choose your offering over a competitor’s.</p>
<p class=""font_7""><br></p>
<p class=""font_7""><strong>Unoriginal messaging</strong>. Your product’s messaging looks and sounds nearly identical to that of your competitors. There’s no unique value proposition that sets you apart.</p>
<p class=""font_7""><br></p>
<p class=""font_7""><strong>Chasing trends</strong>. You’re constantly reacting to competitors’ moves, trying to keep up with the latest trends or features rather than focusing on what your product does best.</p>
<p class=""font_7""><br></p>
<p class=""font_7""><strong>Inconsistent brand voice</strong>. The tone and style of your communication shift depending on what’s popular or what the competition is doing, leaving customers unsure about your brand’s identity.</p>","Consequences","<p class=""font_7""><strong>Lack of differentiation</strong>. If your product doesn’t stand out, it becomes a commodity. Customers will choose based on price or convenience rather than recognizing your product’s unique value.</p>
<p class=""font_7""><br></p>
<p class=""font_7""><strong>Price pressure</strong>. With little to differentiate your product from the competition, you’re forced to compete on price, driving down margins and profitability.</p>
<p class=""font_7""><br></p>
<p class=""font_7""><strong>Brand confusion</strong>. Customers may associate your brand with inconsistency, making it harder to build long-term loyalty. They might not remember what your brand stands for.</p>
<p class=""font_7""><br></p>
<p class=""font_7""><strong>Missed opportunities for innovation</strong>. By focusing on what others are doing, you miss the opportunity to innovate and create something truly unique that could capture a new segment of the market.</p>","Recommendations","<p class=""font_7""><strong>Develop your own voice</strong>. Spend time identifying what makes your product truly unique and meaningful. Develop messaging that highlights your differentiators rather than mimicking what’s already in the market.</p>
<p class=""font_7""><br></p>
<p class=""font_7""><strong>Stay true to your brand</strong>. Consistency is key to building a strong brand identity. Ensure that your messaging, tone, and voice align with your brand’s core values and mission, not the latest trend.</p>
<p class=""font_7""><br></p>
<p class=""font_7""><strong>Conduct competitor analysis, not copycatting</strong>. Understand what your competitors are doing, but don’t simply mirror them. Use competitor analysis as a tool to identify gaps and opportunities that you can capitalize on to differentiate your product.</p>
<p class=""font_7""><br></p>
<p class=""font_7""><strong>Innovate beyond messaging</strong>. Innovation should go beyond words. Focus on delivering unique features, user experiences, and product benefits that make your product stand out based on its own merits.</p>","Mimicking competitors might seem like a shortcut to success, but it ultimately leaves your product voiceless and your brand undifferentiated. By finding and highlighting your unique value, focusing on customer-centric language, and showcasing your brand’s authentic personality, you can create messaging that stands out and builds a loyal following. Remember, it’s better to be a leader with a clear voice than an echo in the marketplace.","Next Steps",,"[""60d0987838725e0015ed4059""]","wix:image://v1/739bca_8a0f75434dce4573b6429f9b4209b393~mv2.jpg/monkey-7394077_1280.jpg#originWidth=1280&originHeight=853","wix:image://v1/739bca_26b53275c85749c2adf095df1db81b07~mv2.jpg/monkey-7394077_1280_edited.jpg#originWidth=1280&originHeight=853","wix:image://v1/739bca_a7782e2834aa46feac6d860266d15968~mv2.png/duplicate-like-me.png#originWidth=936&originHeight=936","wix:image://v1/739bca_cea61c2881114071808a84ce5825ee3b~mv2.png/duplicate-like-me-white.png#originWidth=936&originHeight=936",,"/i/",2024-11-28T00:01:40Z,,"/i/the-jungle-book","https://pixabay.com/photos/monkey-feeding-mother-baby-nature-7394077/","wix:image://v1/739bca_a895266cdef343a7b474ddc05a4eb27d~mv2.jpeg/22JungleBook.jpeg#originWidth=2400&originHeight=2400",,,"2025-01-29",,"dfb12ea0-c941-4d8b-954d-3b99f0a53fad",2024-11-28T02:00:10Z,"739bcaae-414e-4c86-be8f-075c046fc598"
"PUBLISHED","Throwing Spaghetti at the Wall","/reading-idiom/throwing-spaghetti-at-the-wall",2024-12-30T21:30:01Z,"3aaafc1d-f3b3-40f9-8aab-f981cdbf0302","PLANNING","The risks of building features without a plan","They threw all the ideas with might,
Hoping something would stick just right.
But what’s on display,
Is a mess, not the way,
To build products that shine bright.","<p class=""font_7"">""Throwing Spaghetti at the Wall"" refers to the scattershot approach where teams launch a variety of ideas or features, hoping one will resonate with users. While experimentation is key in product development, this method lacks focus and strategy. Instead of testing meaningful hypotheses, teams waste time and resources trying everything, leading to confusion, lack of a cohesive product, and diminished value for customers.</p>","Symptoms","<p class=""font_7""><strong>Confused feature set</strong><em>.</em> Products or updates feel disjointed, with features that don’t cohesively fit together. Users struggle to see the value in the product because the features seem like a collection of experiments rather than a unified solution.</p>
<p class=""font_7""><br></p>
<p class=""font_7""><strong>Confusion of product direction</strong>. The team may be unclear on the long-term product vision. Each new feature or idea feels like a pivot, with no clear rationale behind why it’s being tested or launched.</p>
<p class=""font_7""><br></p>
<p class=""font_7""><strong>Confused customers</strong>. Users may be overwhelmed or confused by the number of features or changes being released, especially if those features don’t align with their needs or the product’s core value proposition.</p>
<p class=""font_7""><br></p>
<p class=""font_7""><strong>Ineffective experiments</strong>. While experiments are a normal part of product development, the lack of focus means that teams aren’t testing hypotheses in a structured way. This leads to inconclusive results and a waste of time and resources.</p>","Consequences","<p class=""font_7""><strong>Diluted brand and product identity</strong>. Constantly shifting between features and ideas confuses users, making it difficult for them to understand what your product is truly about. This can erode trust and loyalty.</p>
<p class=""font_7""><br></p>
<p class=""font_7""><strong>Resource drain</strong>. Throwing resources behind multiple initiatives without a clear focus spreads the team too thin. Rather than investing in building and refining key critical features, the team constantly shifts gears, which leads to burnout and inefficiency.</p>
<p class=""font_7""><br></p>
<p class=""font_7""><strong>Difficulty in measuring success</strong>. Teams struggle to determine what's working without a structured approach to testing and launching features. This lack of clarity makes it difficult to make informed decisions about the product’s future direction.</p>","Recommendations","<p class=""font_7""><strong>Set a clear hypothesis for every experiment</strong>. Before launching any feature or idea, ensure that it’s tied to a clear hypothesis about customer problems or user behavior. This allows the team to measure the impact of each test in a structured way.</p>
<p class=""font_7""><br></p>
<p class=""font_7""><strong>Focus on core value. </strong>Re-align the team around the product’s core value proposition. Ensure that any new features being tested build on this value and don’t distract from it. Customers are more likely to engage with a product that solves a clear problem consistently.</p>
<p class=""font_7""><br></p>
<p class=""font_7""><strong>Communicate clearly with customers. </strong>Make sure customers understand the value behind new features or tests. Clearly communicate why changes are being made and how they’re intended to improve the user experience.</p>","""Throwing spaghetti at the wall"" can lead to a lot of effort with little reward. While testing and experimentation are vital to product development, they should be done strategically, with clear goals and a focus on delivering value. By grounding ideas in hypotheses, prioritizing based on impact, and using feedback to iterate, teams can innovate in a way that’s efficient, user-centered, and ultimately successful.","Next Steps","[""9cca4a07-f923-430a-8a53-9b15632478b9""]","[""624f5afa83b7000ccb1f6cef""]","wix:image://v1/739bca_dff0699789494865beabfd81f72ee1be~mv2.jpg/spaghetti-781795_1280.jpg#originWidth=1280&originHeight=960","wix:image://v1/739bca_3453a785d5e0456d86a145ef264010f4~mv2.jpg/spaghetti-781795_1280_edited.jpg#originWidth=1280&originHeight=960","wix:image://v1/739bca_0772d5d1376742e3ab8fad0def16be3f~mv2.png/noun-spaghetti-5509126-333333.png#originWidth=1200&originHeight=1200","wix:image://v1/739bca_a60bc70f4a9d467f8697b0e93992ecd9~mv2.png/noun-spaghetti-5509126-FFFFFF.png#originWidth=1200&originHeight=1200",,"/i/",2024-10-17T02:22:16Z,,"/i/throwing-spaghetti-at-the-wall","https://pixabay.com/photos/spaghetti-pasta-noodles-meal-food-781795/","wix:image://v1/739bca_bf1de8111869498180fbc24c276993b7~mv2.jpeg/5Spaghetti.jpeg#originWidth=2400&originHeight=2400",,,"2024-12-04",,"e7440f34-1876-4349-bc2b-c043e10414c9",2024-10-17T02:38:04Z,"739bcaae-414e-4c86-be8f-075c046fc598"
"PUBLISHED","Field of Dreams","/reading-idiom/field-of-dreams",2024-12-30T21:30:36Z,"3aaafc1d-f3b3-40f9-8aab-f981cdbf0302","PLANNING","If you build it, they will come… or will they?","They built a grand product with cheer,
Assuming that users would hear,
But no one arrived,
For needs weren’t derived,
And their launch simply fell on deaf ears.","<p class=""font_7"">As in the famous line from the movie <em>Field of Dreams,</em> many companies fall into the trap of believing that if they build a product, users will simply come. However, in the real world, a “Field of Dreams” mindset often leads to building features or products based on internal ideas rather than user needs, resulting in products that don’t gain traction.</p>","Symptoms","<p class=""font_7""><strong>Ideas without market validation</strong>. It’s easy to fall in love with an idea that sounds great in a brainstorming session but hasn’t been validated with actual customer research. Products built on assumptions often miss the mark on solving actual customer pain points.</p>
<p class=""font_7""><br></p>
<p class=""font_7""><strong>Internal biases over customer insight. </strong>Teams often prioritize what they think users want rather than what users truly need, leading to features that might be impressive technically but don’t provide value in the market.</p>
<p class=""font_7""><br></p>
<p class=""font_7""><strong>Relying on gut feelings over data</strong>. When decisions about what to build are based more on internal excitement and opinions than customer research, feedback, or market trends, you might be heading into ""Field of Dreams"" territory.</p>
<p class=""font_7""><br></p>
<p class=""font_7""><strong>Little or no testing with real users. </strong>If the product is being developed in isolation without market validation and early feedback, it’s a red flag that you’re building based on what you hope users will want.</p>","Consequences","<p class=""font_7""><strong>Poor product-market fit</strong>. If a product is developed without understanding market demand or user needs, it’s likely to fail to find traction. A product that doesn’t resonate with its intended audience will struggle to gain customers, no matter how innovative it seems.</p>
<p class=""font_7""><br></p>
<p class=""font_7""><strong>Wasted resources and opportunity costs</strong>. Building what no one wants wastes time, money, and effort. Worse yet, it means those resources aren’t being used to develop solutions that will have a meaningful impact.</p>
<p class=""font_7""><br></p>
<p class=""font_7""><strong>Lost credibility with customers and stakeholders</strong>. If a product is launched to great fanfare but then flops due to lack of interest, it can damage the company’s reputation, both with customers who expected more and internal stakeholders who invested in the vision.</p>","Recommendations","<p class=""font_7""><strong>Start with customer problems, not feature ideas</strong>. Identify fundamental pain points and needs through user research, interviews, and market analysis. Ground your product vision in solving clear, validated, and prioritized customer problems.</p>
<p class=""font_7""><br></p>
<p class=""font_7""><strong>Validate, validate, validate. </strong>Market test a prototype to market test your core hypotheses quickly. And frequently. Get real feedback from potential customers to validate how the proposed solution addresses a genuine problem they are willing to pay to solve.</p>
<p class=""font_7""><br></p>
<p class=""font_7""><strong>Iterate and measure continuously</strong>. Instead of focusing on a one-time launch, approach product development as a series of iterative cycles. Use data and user feedback to refine and enhance the product over time, ensuring it continues delivering value.</p>
<p class=""font_7""><br></p>
<p class=""font_7""><strong>Craft a go-to-market strategy early</strong>. Creating a product is only part of the battle—having a clear plan to reach your target audience is crucial. Prepare your launch and team readiness plans in parallel with your product development. Focus on how you’ll educate, acquire, and retain users rather than assuming they’ll come on their own.</p>","The idea that “if you build it, they will come” is an alluring myth. But successful products are not built on hope—they’re built on real customer problems, data-driven prioritization, continuous learning, and iterative improvements. By validating ideas early, engaging users continuously, and grounding your strategy in solving actual problems, you can avoid the pitfalls of the ""Field of Dreams"" mentality and build a product that truly resonates.","Next Steps","[""56bae00e-61d8-48f7-9776-2bd0dae08fa7""]","[""606082a47b096c00156175c4""]","wix:image://v1/739bca_a99880c6e6364f19bd62cd189e390df7~mv2.jpg/field%20of%20dreams.jpg#originWidth=1280&originHeight=853","wix:image://v1/739bca_050d86150751465ead453e1f3932f8af~mv2.jpg/field%20of%20dreams-faded.jpg#originWidth=1280&originHeight=853","wix:image://v1/739bca_e07a94b7c8264aa39d9941a79de4d758~mv2.png/noun-home-run-5005670-333333.png#originWidth=1200&originHeight=1200","wix:image://v1/739bca_fc5ca0e20cb64e9eba7054570390cabd~mv2.png/noun-home-run-5005670-FFFFFF.png#originWidth=1200&originHeight=1200",,"/i/",2024-10-24T02:48:34Z,,"/i/field-of-dreams","https://pixabay.com/photos/baseball-ball-field-grass-sport-8507868/","wix:image://v1/739bca_389967fdc9d54151b9d712a2ac2ff6d0~mv2.jpeg/field%20of%20dreams.jpeg#originWidth=2400&originHeight=2400",,,"2024-10-25",,"f45303cc-b82f-48e5-86a0-dddc1cd70886",2024-10-24T02:54:54Z,"739bcaae-414e-4c86-be8f-075c046fc598"
